city,country,lat,long,population,date,PRCP,TAVG,TMAX,TMIN
Abano Terme,Italy,45.3619,11.7924,20101.0,2020-01-01,,,9.0,
Abbiategrasso,Italy,45.4009,8.9185,32737.0,2020-01-04,,,6.73,
Acate,Italy,37.0253,14.4925,11325.0,2020-01-01,,,16.35,
Acerra,Italy,40.95,14.3667,59910.0,2020-01-01,,,,2.8
Aci Castello,Italy,37.55,15.15,18577.0,2020-01-01,,,16.35,
Aci Catena,Italy,37.6,15.15,29418.0,2020-01-01,,,16.35,
Aci Sant’Antonio,Italy,37.6059,15.126,18076.0,2020-01-01,,,16.35,
Acireale,Italy,37.6125,15.1656,52269.0,2020-01-01,,,16.35,
Acquaviva delle Fonti,Italy,40.9,16.85,20600.0,2020-01-01,1.6,,,
Acqui Terme,Italy,44.6761,8.4686,19651.0,2020-01-01,,,13.4,
Acri,Italy,39.5,16.3833,20442.0,2020-01-01,,,,-4.33
Adelfia,Italy,41.0,16.8667,16963.0,2020-01-01,1.6,,,
Adrano,Italy,37.6625,14.8356,35633.0,2020-01-01,,,16.35,
Adria,Italy,45.05,12.05,19436.0,2020-01-01,,,9.0,
Afragola,Italy,40.9167,14.3167,64817.0,2020-01-01,,,,2.8
Agliana,Italy,43.9,11.0,17789.0,2020-01-01,,,4.8,
Agrate Brianza,Italy,45.5783,9.3522,15540.0,2020-01-01,,,7.12,
Agrigento,Italy,37.3111,13.5765,59329.0,2020-01-01,,,7.6,
Agropoli,Italy,40.3583,14.9833,21874.0,2020-01-01,,,11.1,
Alassio,Italy,44.0079,8.173,10791.0,2020-01-01,,,13.4,
Alatri,Italy,41.7264,13.3422,28763.0,2020-01-01,,7.58,,
Alba,Italy,44.6915,8.0256,31498.0,2020-01-01,,,5.6,
Albano Laziale,Italy,41.7333,12.6667,41314.0,2020-01-01,,7.58,,
Albenga,Italy,44.0491,8.213,24042.0,2020-01-01,,,13.4,
Alberobello,Italy,40.7841,17.2375,10725.0,2020-01-01,1.6,,,
Albignasego,Italy,45.35,11.8667,26071.0,2020-01-01,,,9.0,
Albino,Italy,45.7606,9.7969,17903.0,2020-01-04,,,7.25,
Alcamo,Italy,37.9667,12.9667,45273.0,2020-01-01,,,15.04,
Alessandria,Italy,44.9133,8.62,93980.0,2020-01-04,,,6.73,
Alfonsine,Italy,44.5061,12.0411,11953.0,2020-01-01,,,7.1,
Alghero,Italy,40.56,8.315,43964.0,2020-01-01,,,,9.45
Alpignano,Italy,45.1,7.5167,16811.0,2020-01-01,,,5.6,
Altamura,Italy,40.8167,16.55,70514.0,2020-01-01,1.6,,,
Altavilla Vicentina,Italy,45.5164,11.4597,12013.0,2020-01-01,,1.6,,
Altofonte,Italy,38.05,13.3,10218.0,2020-01-01,,12.62,,
Altopascio,Italy,43.8167,10.6747,15572.0,2020-01-01,,,12.38,
Alzano Lombardo,Italy,45.7317,9.7283,13637.0,2020-01-04,,,7.25,
Amantea,Italy,39.1333,16.0667,13975.0,2020-01-01,,,,-4.33
Amelia,Italy,42.5535,12.4168,11828.0,2020-01-01,,,12.2,
Anagni,Italy,41.75,13.15,21404.0,2020-01-01,,7.58,,
Ancona,Italy,43.6167,13.5167,100924.0,2020-01-01,,,8.47,
Andria,Italy,41.2317,16.3083,99857.0,2020-01-01,,,5.96,
Angri,Italy,40.7431,14.5694,34126.0,2020-01-01,,,,2.8
Anguillara Sabazia,Italy,42.0883,12.2775,19426.0,2020-01-01,,,12.2,
Anzio,Italy,41.4472,12.6283,52381.0,2020-01-01,,,,8.0
Anzola dell’Emilia,Italy,44.5472,11.1956,12310.0,2020-01-01,,,4.8,
Aosta,Italy,45.7372,7.3206,34082.0,2020-01-01,,,-0.6,
Apricena,Italy,41.7846,15.4436,13174.0,2020-01-01,,,,7.7
Arco,Italy,45.9167,10.8833,17716.0,2020-01-01,,,0.72,
Arcore,Italy,45.6333,9.3167,17916.0,2020-01-01,,,7.12,
Ardea,Italy,41.6167,12.55,49663.0,2020-01-01,,,,8.0
Arenzano,Italy,44.4035,8.6827,11478.0,2020-01-01,,,13.4,
Arese,Italy,45.5531,9.0775,19347.0,2020-01-04,,,6.73,
Arezzo,Italy,43.4631,11.8781,99419.0,2020-01-01,,,8.47,
Argenta,Italy,44.6131,11.8364,21521.0,2020-01-01,,,7.1,
Ariano Irpino,Italy,41.1528,15.0889,22448.0,2020-01-01,,,7.56,
Ariccia,Italy,41.7167,12.6667,18851.0,2020-01-01,,7.58,,
Arluno,Italy,45.5,8.9333,12000.0,2020-01-04,,,6.73,
Arona,Italy,45.7569,8.56,13966.0,2020-01-04,,,6.73,
Artena,Italy,41.7333,12.9167,14107.0,2020-01-01,,7.58,,
Arzachena,Italy,41.0801,9.388,13756.0,2020-01-01,,,,5.94
Arzano,Italy,40.9153,14.2681,34217.0,2020-01-01,,,,2.8
Arzignano,Italy,45.5203,11.3397,25605.0,2020-01-01,,1.6,,
Ascoli Piceno,Italy,42.8547,13.5753,48773.0,2020-01-01,,,4.55,
Asola,Italy,45.2167,10.4167,10069.0,2020-01-04,,,7.25,
Assisi,Italy,43.07,12.6175,28352.0,2020-01-01,,,8.47,
Assèmini,Italy,39.2897,9.0048,26901.0,2020-01-01,,,,8.1
Asti,Italy,44.9,8.2069,76211.0,2020-01-01,,,5.6,
Atessa,Italy,42.0667,14.45,10580.0,2020-01-01,,,7.56,
Atripalda,Italy,40.9167,14.8256,10968.0,2020-01-01,,,7.56,
Augusta,Italy,37.2303,15.2194,35854.0,2020-01-01,,,16.35,
Aulla,Italy,44.2167,9.9667,11092.0,2020-01-01,,,12.38,
Avellino,Italy,40.9153,14.7897,53908.0,2020-01-01,,,7.56,
Aversa,Italy,40.973,14.2065,52794.0,2020-01-01,,,,2.8
Avezzano,Italy,42.031,13.4264,42276.0,2020-01-01,,,4.55,
Avigliana,Italy,45.0794,7.3961,12599.0,2020-01-01,,,5.6,
Avigliano,Italy,40.7333,15.7167,11350.0,2020-01-01,,,11.1,
Avola,Italy,36.9167,15.1333,31408.0,2020-01-01,,,15.7,
Azzano Decimo,Italy,45.8833,12.7167,15744.0,2020-01-11,,,12.6,
Bacoli,Italy,40.8,14.0833,26412.0,2020-01-01,,,,2.8
Badia Polesine,Italy,45.094,11.4934,10348.0,2020-01-01,,1.6,,
Bagheria,Italy,38.0833,13.5,55047.0,2020-01-01,,12.62,,
Bagnacavallo,Italy,44.4169,11.9761,16780.0,2020-01-01,,,7.1,
Bagnara Calabra,Italy,38.2833,15.8167,10120.0,2020-01-01,,,14.33,
Bagno a Ripoli,Italy,43.75,11.3167,25483.0,2020-01-01,,,4.8,
Bagnolo Mella,Italy,45.43,10.1854,12677.0,2020-01-04,,,7.25,
Barano d’Ischia,Italy,40.7167,13.9167,10001.0,2020-01-01,,,,2.8
Baranzate,Italy,45.5167,9.1,12003.0,2020-01-04,,,6.73,
Barberino di Mugello,Italy,44.0,11.2333,10924.0,2020-01-01,,,4.8,
Barcellona-Pozzo di Gotto,Italy,38.15,15.2167,41389.0,2020-01-01,,,14.33,
Bareggio,Italy,45.4667,8.9833,17304.0,2020-01-04,,,6.73,
Bari,Italy,41.1253,16.8667,323370.0,2020-01-01,1.6,,,
Barletta,Italy,41.3167,16.2833,94477.0,2020-01-01,,,5.96,
Baronissi,Italy,40.75,14.78,17051.0,2020-01-01,,,,2.8
Barrafranca,Italy,37.3667,14.2,12960.0,2020-01-01,,,7.6,
Bassano del Grappa,Italy,45.7686,11.7367,43481.0,2020-01-01,,,9.0,
Battipaglia,Italy,40.6167,14.9833,51005.0,2020-01-01,,,11.1,
Beinasco,Italy,45.0228,7.5878,17856.0,2020-01-01,,,5.6,
Belluno,Italy,46.1408,12.2156,35710.0,2020-01-01,,,9.0,
Belmonte Mezzagno,Italy,38.05,13.3833,11239.0,2020-01-01,,12.62,,
Belpasso,Italy,37.5833,14.9833,28126.0,2020-01-01,,,16.35,
Benevento,Italy,41.1256,14.7811,61791.0,2020-01-01,,,7.56,
Bergamo,Italy,45.695,9.67,120923.0,2020-01-04,,,7.25,
Bernalda,Italy,40.4167,16.6833,12453.0,2020-01-01,1.6,,,
Bertinoro,Italy,44.15,12.1333,10947.0,2020-01-01,,,7.1,
Besana in Brianza,Italy,45.7,9.2833,15573.0,2020-01-01,,,7.12,
Biancavilla,Italy,37.6453,14.8636,23948.0,2020-01-01,,,16.35,
Biassono,Italy,45.6306,9.2744,12164.0,2020-01-01,,,7.12,
Bibbiano,Italy,44.6629,10.4739,10241.0,2020-01-01,,,4.8,
Bibbiena,Italy,43.6975,11.8144,12177.0,2020-01-01,,,7.1,
Biella,Italy,45.5664,8.0533,44324.0,2020-01-01,,,,-8.3
Bisceglie,Italy,41.2409,16.5021,55385.0,2020-01-01,,,5.96,
Bisignano,Italy,39.5073,16.2811,10128.0,2020-01-01,,,,-4.33
Bitetto,Italy,41.0333,16.75,12006.0,2020-01-01,1.6,,,
Bitonto,Italy,41.1083,16.6917,55127.0,2020-01-01,1.6,,,
Bitritto,Italy,41.05,16.8333,11277.0,2020-01-01,1.6,,,
Bollate,Italy,45.55,9.1167,36486.0,2020-01-04,,,6.73,
Bologna,Italy,44.4939,11.3428,389261.0,2020-01-01,,,4.8,
Bolzano,Italy,46.5,11.35,107317.0,2020-01-01,,,0.72,
Bomporto,Italy,44.7333,11.0333,10170.0,2020-01-01,,,4.8,
Bonate di Sopra,Italy,45.6819,9.5586,10020.0,2020-01-01,,,7.12,
Bondeno,Italy,44.8894,11.4154,14217.0,2020-01-01,,1.6,,
Bordighera,Italy,43.7789,7.6721,10412.0,2020-01-01,,,14.87,
Borgaro Torinese,Italy,45.15,7.65,11931.0,2020-01-01,,,5.6,
Borgo San Dalmazzo,Italy,44.3333,7.4833,12492.0,2020-01-01,,,14.87,
Borgo San Lorenzo,Italy,43.9555,11.3856,18419.0,2020-01-01,,,4.8,
Borgomanero,Italy,45.7,8.4667,21719.0,2020-01-04,,,6.73,
Borgosesia,Italy,45.7169,8.2764,12676.0,2020-01-04,,,6.73,
Boscoreale,Italy,40.775,14.475,27927.0,2020-01-01,,,,2.8
Boscotrecase,Italy,40.7833,14.4667,10247.0,2020-01-01,,,,2.8
Botticino Sera,Italy,45.5339,10.3078,10857.0,2020-01-04,,,7.25,
Bovisio Masciago,Italy,45.6167,9.15,16929.0,2020-01-01,,,7.12,
Bovolone,Italy,45.25,11.1333,16078.0,2020-01-01,,1.6,,
Bra,Italy,44.7,7.85,29645.0,2020-01-01,,,5.6,
Bracciano,Italy,42.1,12.1833,19219.0,2020-01-01,,,12.2,
Brescia,Italy,45.5389,10.2203,196745.0,2020-01-04,,,7.25,
Bressanone,Italy,46.7167,11.65,22011.0,2020-01-01,,,3.37,
Bresso,Italy,45.5333,9.1833,26259.0,2020-01-04,,,6.73,
Brindisi,Italy,40.6383,17.9458,87141.0,2020-01-01,,,13.34,
Bronte,Italy,37.8,14.8333,18963.0,2020-01-01,,,16.35,
Brugherio,Italy,45.5508,9.3011,34868.0,2020-01-01,,,7.12,
Brunico,Italy,46.7994,11.9343,16580.0,2020-01-01,,,3.37,
Brusciano,Italy,40.9224,14.4239,16371.0,2020-01-01,,,,2.8
Bucine,Italy,43.4775,11.6158,10087.0,2020-01-01,,,14.4,
Budrio,Italy,44.5374,11.5344,18440.0,2020-01-01,,,7.1,
Busca,Italy,44.5167,7.4667,10110.0,2020-01-01,,,5.6,
Bussolengo,Italy,45.4667,10.85,20142.0,2020-01-01,,1.6,,
Busto Arsizio,Italy,45.612,8.8518,83405.0,2020-01-04,,,6.73,
Busto Garolfo,Italy,45.5478,8.8867,13851.0,2020-01-04,,,6.73,
Cadelbosco di Sopra,Italy,44.7667,10.6,10691.0,2020-01-01,,,4.8,
Cadoneghe,Italy,45.45,11.9333,16176.0,2020-01-01,,,9.0,
Cagliari,Italy,39.2167,9.1167,154106.0,2020-01-01,,9.52,,
Cairo Montenotte,Italy,44.3979,8.2778,13145.0,2020-01-01,,,13.4,
Caivano,Italy,40.95,14.3,37654.0,2020-01-01,,,,2.8
Calcinaia,Italy,43.6835,10.6165,12582.0,2020-01-01,,,12.38,
Calcinato,Italy,45.4581,10.4146,12894.0,2020-01-04,,,7.25,
Calderara di Reno,Italy,44.5639,11.2719,13224.0,2020-01-01,,,4.8,
Caldogno,Italy,45.6118,11.5076,11272.0,2020-01-01,,,9.0,
Calenzano,Italy,43.8567,11.1636,17914.0,2020-01-01,,,4.8,
Calolziocorte,Italy,45.8,9.4333,13877.0,2020-01-01,,,7.12,
Caltagirone,Italy,37.2333,14.5167,38295.0,2020-01-01,,,7.6,
Caltanissetta,Italy,37.4915,14.0624,62317.0,2020-01-01,,,7.6,
Calvizzano,Italy,40.9,14.1833,12182.0,2020-01-01,,,,2.8
Camaiore,Italy,43.9333,10.3,32328.0,2020-01-01,,,12.38,
Cameri,Italy,45.5,8.65,10907.0,2020-01-04,,,6.73,
Camisano Vicentino,Italy,45.5167,11.7167,11248.0,2020-01-01,,,9.0,
Campagna,Italy,40.6666,15.1064,17169.0,2020-01-01,,,11.1,
Campagnano di Roma,Italy,42.1333,12.3833,11561.0,2020-01-01,,,12.2,
Campi Bisenzio,Italy,43.8256,11.1333,46696.0,2020-01-01,,,4.8,
Campi Salentina,Italy,40.4,18.0167,10322.0,2020-01-01,,,13.34,
Campiglia Marittima,Italy,43.0667,10.6167,13018.0,2020-01-01,,,14.4,
Campobasso,Italy,41.561,14.6684,49262.0,2020-01-01,,,7.56,
Campobello di Mazara,Italy,37.6333,12.75,11769.0,2020-01-01,,,15.04,
Campodarsego,Italy,45.5,11.9167,14675.0,2020-01-01,,,9.0,
Campolongo Maggiore,Italy,45.3305,12.0483,10678.0,2020-01-01,,,9.0,
Camponogara,Italy,45.3833,12.0667,13117.0,2020-01-01,,,9.0,
Camposampiero,Italy,45.5667,11.9333,12043.0,2020-01-01,,,9.0,
Canegrate,Italy,45.5667,8.9333,12574.0,2020-01-04,,,6.73,
Canelli,Italy,44.7208,8.2928,10430.0,2020-01-01,,,5.6,
Canicattì,Italy,37.36,13.8511,35722.0,2020-01-01,,,7.6,
Canosa di Puglia,Italy,41.2167,16.0667,29847.0,2020-01-01,,,5.96,
Cantù,Italy,45.7333,9.1333,39932.0,2020-01-01,,,7.12,
Caorle,Italy,45.6003,12.8876,11606.0,2020-01-11,,,12.6,
Capaci,Italy,38.1667,13.2333,11549.0,2020-01-01,,12.62,,
Capannori,Italy,43.8756,10.5736,46072.0,2020-01-01,,,12.38,
Capena,Italy,42.1403,12.5403,10799.0,2020-01-01,,,12.2,
Capo d’Orlando,Italy,38.15,14.7333,13320.0,2020-01-01,,,7.6,
Capodrise,Italy,41.05,14.3,10133.0,2020-01-01,,,,2.8
Capoterra,Italy,39.1752,8.9709,23583.0,2020-01-01,,9.52,,
Capua,Italy,41.1056,14.2139,18293.0,2020-01-01,,,,2.8
Capurso,Italy,41.05,16.9167,15682.0,2020-01-01,1.6,,,
Carate Brianza,Italy,45.6833,9.2333,17952.0,2020-01-01,,,7.12,
Caravaggio,Italy,45.4978,9.6431,16261.0,2020-01-04,,,7.25,
Carbonera,Italy,45.6833,12.2833,11183.0,2020-01-01,,,9.0,
Carbonia,Italy,39.1668,8.522,28265.0,2020-01-01,,,,8.1
Cardito,Italy,40.9362,14.2993,22601.0,2020-01-01,,,,2.8
Carini,Italy,38.1333,13.1833,38936.0,2020-01-01,,12.62,,
Carlentini,Italy,37.2833,15.0167,17741.0,2020-01-01,,,16.35,
Carmagnola,Italy,44.85,7.7167,28969.0,2020-01-01,,,5.6,
Carmiano,Italy,40.3461,18.0461,12068.0,2020-01-01,,,13.34,
Carmignano,Italy,43.8103,11.0149,14663.0,2020-01-01,,,4.8,
Carovigno,Italy,40.7072,17.6594,17120.0,2020-01-01,,,13.34,
Carpenedolo,Italy,45.3654,10.4323,12957.0,2020-01-04,,,7.25,
Carpi,Italy,44.7833,10.885,71148.0,2020-01-01,,1.6,,
Carrara,Italy,44.0833,10.1,62537.0,2020-01-01,,,12.38,
Carugate,Italy,45.55,9.3333,15482.0,2020-01-01,,,7.12,
Casal di Principe,Italy,41.0108,14.1319,21482.0,2020-01-01,,,,2.8
Casale Monferrato,Italy,45.1342,8.4583,34010.0,2020-01-04,,,6.73,
Casale sul Sile,Italy,45.5988,12.3243,13032.0,2020-01-01,,,9.0,
Casalecchio di Reno,Italy,44.4833,11.2833,36456.0,2020-01-01,,,4.8,
Casalgrande,Italy,44.5898,10.7394,19234.0,2020-01-01,,,4.8,
Casalmaggiore,Italy,44.9858,10.4147,15425.0,2020-01-04,,,7.25,
Casalnuovo di Napoli,Italy,40.9167,14.35,49250.0,2020-01-01,,,,2.8
Casalpusterlengo,Italy,45.1778,9.65,15280.0,2020-01-04,,,7.25,
Casamassima,Italy,40.95,16.9167,19777.0,2020-01-01,1.6,,,
Casandrino,Italy,40.9333,14.25,14125.0,2020-01-01,,,,2.8
Casarano,Italy,40.0167,18.1667,20070.0,2020-01-01,,,11.75,
Casatenovo,Italy,45.6983,9.3117,13042.0,2020-01-01,,,7.12,
Cascina,Italy,43.68,10.5003,45212.0,2020-01-01,,,12.38,
Caselle Torinese,Italy,45.1833,7.65,13958.0,2020-01-01,,,5.6,
Caserta,Italy,41.0667,14.3333,75561.0,2020-01-01,,,,2.8
Casièr,Italy,45.6436,12.2953,11412.0,2020-01-01,,,9.0,
Casoria,Italy,40.9,14.3,77087.0,2020-01-01,,,,2.8
Cassano al Ionio,Italy,39.7839,16.3189,18270.0,2020-01-01,,,,-4.33
Cassano delle Murge,Italy,40.8833,16.7667,14765.0,2020-01-01,1.6,,,
Cassano d’Adda,Italy,45.5333,9.5167,19057.0,2020-01-01,,,7.12,
Cassina de’ Pecchi,Italy,45.5167,9.3667,13849.0,2020-01-01,,,7.12,
Cassino,Italy,41.4917,13.8333,36497.0,2020-01-01,,,,2.8
Castano Primo,Italy,45.55,8.7667,11228.0,2020-01-04,,,6.73,
Castel Goffredo,Italy,45.2981,10.475,12633.0,2020-01-04,,,7.25,
Castel Maggiore,Italy,44.5778,11.3617,18349.0,2020-01-01,,,4.8,
Castel Mella,Italy,45.5,10.15,11010.0,2020-01-04,,,7.25,
Castel San Giorgio,Italy,40.7833,14.7,13784.0,2020-01-01,,,,2.8
Castel San Giovanni,Italy,45.0591,9.4342,13756.0,2020-01-04,,,6.73,
Castel San Pietro Terme,Italy,44.3978,11.5894,20862.0,2020-01-01,,,7.1,
Castel Volturno,Italy,41.05,13.9167,25847.0,2020-01-01,,,,2.8
Casteldaccia,Italy,38.05,13.5333,11655.0,2020-01-01,,12.62,,
Castelfidardo,Italy,43.4642,13.5461,18601.0,2020-01-01,,,8.47,
Castelfiorentino,Italy,43.6108,10.97,17283.0,2020-01-01,,,12.38,
Castelfranco Emilia,Italy,44.5967,11.0528,32894.0,2020-01-01,,,4.8,
Castelfranco Veneto,Italy,45.6667,11.9333,33435.0,2020-01-01,,,9.0,
Castelfranco di Sotto,Italy,43.7,10.75,13396.0,2020-01-01,,,12.38,
Castellammare del Golfo,Italy,38.0192,12.8858,15209.0,2020-01-01,,,15.04,
Castellammare di Stabia,Italy,40.7,14.4833,65922.0,2020-01-01,,,,2.8
Castellana Grotte,Italy,40.8838,17.1679,19582.0,2020-01-01,1.6,,,
Castellaneta,Italy,40.6333,16.9333,17069.0,2020-01-01,1.6,,,
Castellanza,Italy,45.6167,8.9,14340.0,2020-01-04,,,6.73,
Castellarano,Italy,44.5139,10.7339,15326.0,2020-01-01,,,4.8,
Castelli Calepio,Italy,45.6333,9.9,10453.0,2020-01-04,,,7.25,
Castelnovo ne’ Monti,Italy,44.4333,10.4,10473.0,2020-01-01,,,4.8,
Castelnuovo Rangone,Italy,44.5519,10.9358,15035.0,2020-01-01,,,4.8,
Castelnuovo di Verona,Italy,45.4333,10.7667,13137.0,2020-01-01,,1.6,,
Castelvetrano,Italy,37.6786,12.7917,31503.0,2020-01-01,,,15.04,
Castelvetro di Modena,Italy,44.5067,10.9472,11303.0,2020-01-01,,,4.8,
Castenaso,Italy,44.5097,11.4706,15363.0,2020-01-01,,,4.8,
Castenedolo,Italy,45.4704,10.2967,11482.0,2020-01-04,,,7.25,
Castiglion Fiorentino,Italy,43.3439,11.9189,13228.0,2020-01-01,,,8.47,
Castiglione del Lago,Italy,43.1271,12.0452,15479.0,2020-01-01,,,8.47,
Castiglione delle Stiviere,Italy,45.4,10.5,23570.0,2020-01-04,,,7.25,
Castrovillari,Italy,39.8167,16.2,22037.0,2020-01-01,,,,-4.33
Catania,Italy,37.5027,15.0873,311584.0,2020-01-01,,,16.35,
Catanzaro,Italy,38.91,16.5875,89718.0,2020-01-01,,,,-4.33
Cattolica,Italy,43.9584,12.7386,17177.0,2020-01-01,,,10.32,
Cava de’ Tirreni,Italy,40.7008,14.7056,53130.0,2020-01-01,,,,2.8
Cavallino,Italy,40.3102,18.2022,12808.0,2020-01-01,,,13.34,
Cavarzere,Italy,45.137,12.0817,13791.0,2020-01-01,,,9.0,
Cave,Italy,41.8167,12.9333,11381.0,2020-01-01,,7.58,,
Cazzago San Martino,Italy,45.5817,10.0258,10933.0,2020-01-04,,,7.25,
Ceccano,Italy,41.5667,13.3333,23380.0,2020-01-01,,10.94,,
Cecina,Italy,43.3139,10.525,28112.0,2020-01-01,,,12.38,
Cefalù,Italy,38.0395,14.0221,14298.0,2020-01-01,,,7.6,
Ceglie Messapico,Italy,40.65,17.5167,19833.0,2020-01-01,,,13.34,
Celano,Italy,42.0843,13.5478,10885.0,2020-01-01,,,4.55,
Cento,Italy,44.7333,11.2833,35547.0,2020-01-01,,1.6,,
Cepagatti,Italy,42.3658,14.0767,11014.0,2020-01-01,,,7.56,
Cercola,Italy,40.8667,14.35,18007.0,2020-01-01,,,,2.8
Cerea,Italy,45.1894,11.2166,16517.0,2020-01-01,,1.6,,
Cerese,Italy,45.1167,10.7833,11141.0,2020-01-01,,1.6,,
Cerignola,Italy,41.2667,15.9,58540.0,2020-01-01,,,5.96,
Cernusco sul Naviglio,Italy,45.5167,9.3333,34341.0,2020-01-01,,,7.12,
Cerreto Guidi,Italy,43.7617,10.8771,11010.0,2020-01-01,,,4.8,
Cerro Maggiore,Italy,45.6,8.95,15211.0,2020-01-04,,,6.73,
Certaldo,Italy,43.5478,11.0411,16023.0,2020-01-01,,,12.38,
Cerveteri,Italy,42.0,12.1,37977.0,2020-01-01,,,12.2,
Cervia,Italy,44.25,12.3667,28700.0,2020-01-01,,,7.1,
Cervignano del Friuli,Italy,45.8231,13.335,13881.0,2020-01-01,,,7.7,
Cesano Maderno,Italy,45.6272,9.1472,38637.0,2020-01-01,,,7.12,
Cesena,Italy,44.1333,12.2333,96760.0,2020-01-01,,,7.1,
Cesenatico,Italy,44.2012,12.4007,25959.0,2020-01-01,,,7.1,
Cetraro,Italy,39.5,15.95,10048.0,2020-01-01,,,,-4.33
Chiampo,Italy,45.55,11.2833,12879.0,2020-01-01,,1.6,,
Chiaravalle,Italy,43.5997,13.3257,14733.0,2020-01-01,,,8.47,
Chiari,Italy,45.5197,9.8833,18944.0,2020-01-04,,,7.25,
Chiavari,Italy,44.3164,9.3237,27410.0,2020-01-01,,,13.4,
Chieri,Italy,45.0131,7.8228,36958.0,2020-01-01,,,5.6,
Chieti,Italy,42.3511,14.1674,50770.0,2020-01-01,,,,7.7
Chioggia,Italy,45.2189,12.2785,49430.0,2020-01-01,,,9.0,
Chivasso,Italy,45.1833,7.8833,26730.0,2020-01-01,,,5.6,
Ciampino,Italy,41.8,12.6,38645.0,2020-01-01,,7.58,,
Cicciano,Italy,40.9667,14.5333,12897.0,2020-01-01,,,,2.8
Cingoli,Italy,43.3742,13.2164,10119.0,2020-01-01,,,8.47,
Cinisello Balsamo,Italy,45.55,9.2167,75723.0,2020-01-01,,,7.12,
Cinisi,Italy,38.1667,13.1,12250.0,2020-01-01,,12.62,,
Ciriè,Italy,45.2333,7.6,18639.0,2020-01-01,,,5.6,
Cirò Marina,Italy,39.3667,17.1167,14794.0,2020-01-01,,,,-4.33
Cislago,Italy,45.65,8.9667,10394.0,2020-01-04,,,6.73,
Cisterna di Latina,Italy,41.6,12.8333,36980.0,2020-01-01,,7.58,,
Cisternino,Italy,40.75,17.4167,11553.0,2020-01-01,,,13.34,
Cittadella,Italy,45.6486,11.7836,20145.0,2020-01-01,,,9.0,
Cittanova,Italy,38.35,16.0833,10284.0,2020-01-01,,,14.33,
Città Sant’Angelo,Italy,42.5167,14.05,15034.0,2020-01-01,,,4.55,
Città di Castello,Italy,43.4574,12.2403,39632.0,2020-01-01,,,8.47,
Cividale del Friuli,Italy,46.0905,13.435,11176.0,2020-01-01,,,7.7,
Civita Castellana,Italy,42.2961,12.41,16262.0,2020-01-01,,,12.2,
Civitanova Marche,Italy,43.3068,13.7286,42353.0,2020-01-01,,,8.47,
Civitavecchia,Italy,42.1,11.8,51595.0,2020-01-01,,,12.2,
Codigoro,Italy,44.8333,12.1167,11740.0,2020-01-01,,,7.1,
Codogno,Italy,45.16,9.705,15901.0,2020-01-04,,,7.25,
Codroipo,Italy,45.9614,12.9774,16165.0,2020-01-11,,,12.6,
Colle Salvetti,Italy,43.6,10.4833,16693.0,2020-01-01,,,12.38,
Colle di Val d’Elsa,Italy,43.4225,11.1267,21651.0,2020-01-01,,,14.4,
Collecchio,Italy,44.7527,10.2157,14634.0,2020-01-04,,,7.25,
Colleferro,Italy,41.7287,13.0031,21394.0,2020-01-01,,7.58,,
Collegno,Italy,45.0833,7.5833,49597.0,2020-01-01,,,5.6,
Cologno Monzese,Italy,45.5286,9.2783,47720.0,2020-01-01,,,7.12,
Cologno al Serio,Italy,45.5833,9.7,11180.0,2020-01-04,,,7.25,
Comacchio,Italy,44.7,12.1833,22188.0,2020-01-01,,,7.1,
Comiso,Italy,36.95,14.6,29845.0,2020-01-01,,,16.35,
Como,Italy,45.8103,9.0861,83320.0,2020-01-01,,,7.12,
Concordia Sagittaria,Italy,45.7667,12.85,10373.0,2020-01-11,,,12.6,
Concorezzo,Italy,45.5897,9.3359,15644.0,2020-01-01,,,7.12,
Conegliano,Italy,45.8872,12.2969,35082.0,2020-01-01,,,9.0,
Conselve,Italy,45.2333,11.8667,10224.0,2020-01-01,,,9.0,
Conversano,Italy,40.9667,17.1167,26171.0,2020-01-01,1.6,,,
Copertino,Italy,40.2667,18.05,24094.0,2020-01-01,,,13.34,
Copparo,Italy,44.9,11.8333,16294.0,2020-01-01,,,9.0,
Corato,Italy,41.15,16.4,48262.0,2020-01-01,,,5.96,
Corbetta,Italy,45.4667,8.9167,18302.0,2020-01-04,,,6.73,
Corciano,Italy,43.129,12.2877,21427.0,2020-01-01,,,8.47,
Cordenons,Italy,45.9833,12.7,18210.0,2020-01-11,,,12.6,
Cori,Italy,41.65,12.9167,10893.0,2020-01-01,,7.58,,
Coriano,Italy,43.9691,12.6006,10522.0,2020-01-01,,,10.32,
Corigliano Calabro,Italy,39.6,16.5167,40478.0,2020-01-01,,,,-4.33
Corleone,Italy,37.8167,13.3,11128.0,2020-01-01,,,15.04,
Cormano,Italy,45.55,9.1667,20019.0,2020-01-01,,,7.12,
Cornaredo,Italy,45.5,9.0333,20534.0,2020-01-04,,,6.73,
Cornate d’Adda,Italy,45.65,9.4667,10715.0,2020-01-01,,,7.12,
Cornedo Vicentino,Italy,45.6167,11.35,11982.0,2020-01-01,,1.6,,
Correggio,Italy,44.7717,10.7806,25664.0,2020-01-01,,,4.8,
Corridonia,Italy,43.2482,13.5075,15362.0,2020-01-01,,,8.47,
Corsico,Italy,45.4333,9.1167,34727.0,2020-01-04,,,6.73,
Cortona,Italy,43.2756,11.9881,22057.0,2020-01-01,,,8.47,
Cosenza,Italy,39.3,16.25,67239.0,2020-01-01,,,,-4.33
Cossato,Italy,45.5667,8.1667,14633.0,2020-01-04,,,6.73,
Creazzo,Italy,45.5333,11.4833,11373.0,2020-01-01,,,9.0,
Crema,Italy,45.3667,9.6833,34264.0,2020-01-04,,,7.25,
Cremona,Italy,45.1333,10.0333,72077.0,2020-01-04,,,7.25,
Crevalcore,Italy,44.7167,11.15,13501.0,2020-01-01,,,4.8,
Crispiano,Italy,40.6,17.2333,13693.0,2020-01-01,1.6,,,
Crotone,Italy,39.0833,17.1167,63941.0,2020-01-01,,,,-4.33
Cuneo,Italy,44.3833,7.55,56281.0,2020-01-01,,,5.6,
Cusano Milanino,Italy,45.55,9.1833,18797.0,2020-01-01,,,7.12,
Cutro,Italy,39.0342,16.9819,10462.0,2020-01-01,,,,-4.33
Dalmine,Italy,45.65,9.6,23495.0,2020-01-04,,,7.25,
Desenzano del Garda,Italy,45.4689,10.535,28982.0,2020-01-04,,,7.25,
Desio,Italy,45.6167,9.2167,42079.0,2020-01-01,,,7.12,
Dolo,Italy,45.4249,12.0758,15022.0,2020-01-01,,,9.0,
Domodossola,Italy,46.1161,8.2911,18237.0,2020-01-01,,,,-8.3
Dueville,Italy,45.6333,11.55,13804.0,2020-01-01,,,9.0,
Eboli,Italy,40.6169,15.0564,40058.0,2020-01-01,,,11.1,
Empoli,Italy,43.7167,10.95,48626.0,2020-01-01,,,4.8,
Enna,Italy,37.5667,14.2667,27243.0,2020-01-01,,,7.6,
Eraclea,Italy,45.5833,12.6833,12276.0,2020-01-11,,,12.6,
Ercolano,Italy,40.8068,14.3526,52763.0,2020-01-01,,,,2.8
Erice,Italy,38.0375,12.5875,27655.0,2020-01-01,,,15.04,
Este,Italy,45.2333,11.6667,16364.0,2020-01-01,,,9.0,
Fabriano,Italy,43.3386,12.9085,30809.0,2020-01-01,,,8.47,
Faenza,Italy,44.2856,11.8833,58797.0,2020-01-01,,,7.1,
Fagnano Olona,Italy,45.6667,8.8667,12510.0,2020-01-04,,,6.73,
Falconara Marittima,Italy,43.6296,13.3968,26063.0,2020-01-01,,,8.47,
Fano,Italy,43.8435,13.0198,60978.0,2020-01-01,,,8.47,
Fara in Sabina,Italy,42.2167,12.7333,13904.0,2020-01-01,,,4.55,
Fasano,Italy,40.8333,17.3667,39683.0,2020-01-01,,,13.34,
Favara,Italy,37.3186,13.6631,32299.0,2020-01-01,,,7.6,
Feltre,Italy,46.0167,11.9,20608.0,2020-01-01,,,9.0,
Ferentino,Italy,41.6833,13.25,20992.0,2020-01-01,,7.58,,
Fermo,Italy,43.1604,13.7181,37238.0,2020-01-01,,,4.55,
Ferrara,Italy,44.8353,11.6199,132278.0,2020-01-01,,,7.1,
Fiano Romano,Italy,42.1667,12.6,15688.0,2020-01-01,,7.58,,
Ficarazzi,Italy,38.0923,13.4639,13080.0,2020-01-01,,12.62,,
Fidenza,Italy,44.8667,10.0667,26898.0,2020-01-04,,,7.25,
Fiesole,Italy,43.8,11.3,14150.0,2020-01-01,,,4.8,
Figline Valdarno,Italy,43.6167,11.4667,12646.0,2020-01-01,,,14.4,
Finale Emilia,Italy,44.8319,11.2957,15581.0,2020-01-01,,1.6,,
Finale Ligure,Italy,44.1691,8.3435,11613.0,2020-01-01,,,13.4,
Fiorano Modenese,Italy,44.5392,10.8117,17099.0,2020-01-01,,,4.8,
Fiorenzuola d’Arda,Italy,44.9333,9.9,15276.0,2020-01-04,,,7.25,
Fisciano,Italy,40.7667,14.8,13967.0,2020-01-01,,,,2.8
Fiuggi,Italy,41.8,13.2167,10511.0,2020-01-01,,7.58,,
Fiume Veneto,Italy,45.9333,12.7333,11729.0,2020-01-11,,,12.6,
Fiumicino,Italy,41.7667,12.2333,79630.0,2020-01-01,,,,8.0
Florence,Italy,43.7714,11.2542,380948.0,2020-01-01,,,4.8,
Floridia,Italy,37.0833,15.15,22694.0,2020-01-01,,,16.35,
Foggia,Italy,41.4584,15.5519,151372.0,2020-01-01,,,5.96,
Foligno,Italy,42.9561,12.7033,56999.0,2020-01-01,,,8.47,
Follonica,Italy,42.9189,10.7614,21308.0,2020-01-01,,,14.4,
Fondi,Italy,41.35,13.4167,39779.0,2020-01-01,,10.94,,
Fontanafredda,Italy,45.9667,12.5667,12521.0,2020-01-11,,,12.6,
Forio,Italy,40.7333,13.85,17840.0,2020-01-01,,,,2.8
Forlimpopoli,Italy,44.1833,12.1333,13294.0,2020-01-01,,,7.1,
Forlì,Italy,44.2225,12.0408,117863.0,2020-01-01,,,7.1,
Formello,Italy,42.0833,12.4,13070.0,2020-01-01,,,12.2,
Formia,Italy,41.2564,13.6069,38032.0,2020-01-01,,,,2.8
Formigine,Italy,44.5739,10.8478,34347.0,2020-01-01,,,4.8,
Fossano,Italy,44.55,7.7333,24372.0,2020-01-01,,,5.6,
Francavilla Fontana,Italy,40.5314,17.5858,36358.0,2020-01-01,,,13.34,
Francavilla al Mare,Italy,42.4181,14.2919,25663.0,2020-01-01,,,,7.7
Francofonte,Italy,37.2333,14.8833,12661.0,2020-01-01,,,16.35,
Frascati,Italy,41.8167,12.6833,22450.0,2020-01-01,,7.58,,
Frattamaggiore,Italy,40.9417,14.2722,31831.0,2020-01-01,,,,2.8
Frattaminore,Italy,40.9556,14.2708,16131.0,2020-01-01,,,,2.8
Frosinone,Italy,41.6333,13.35,46063.0,2020-01-01,,7.58,,
Fucecchio,Italy,43.7333,10.8,23275.0,2020-01-01,,,12.38,
Gaeta,Italy,41.2167,13.5667,20545.0,2020-01-01,,,,2.8
Galatina,Italy,40.1667,18.1667,26887.0,2020-01-01,,,11.75,
Galatone,Italy,40.15,18.0667,15544.0,2020-01-01,,,11.75,
Gallarate,Italy,45.6649,8.7914,53425.0,2020-01-04,,,6.73,
Galliate,Italy,45.4833,8.7,15685.0,2020-01-04,,,6.73,
Gallipoli,Italy,40.0556,17.9917,20545.0,2020-01-01,,,11.75,
Gambettola,Italy,44.1167,12.3333,10704.0,2020-01-01,,,7.1,
Garbagnate Milanese,Italy,45.5771,9.0814,27155.0,2020-01-04,,,6.73,
Gardone Val Trompia,Italy,45.6833,10.1833,11538.0,2020-01-04,,,7.25,
Gavardo,Italy,45.5875,10.4389,12197.0,2020-01-04,,,7.25,
Gela,Italy,37.0667,14.25,74858.0,2020-01-01,,,7.6,
Gemona del Friuli,Italy,46.2833,13.1333,10869.0,2020-01-11,,,12.6,
Genoa,Italy,44.4072,8.934,580097.0,2020-01-01,,,13.4,
Genzano di Roma,Italy,41.7022,12.6925,23892.0,2020-01-01,,7.58,,
Ghedi,Italy,45.402,10.2803,18719.0,2020-01-04,,,7.25,
Giarre,Italy,37.7297,15.1844,27546.0,2020-01-01,,,16.35,
Giaveno,Italy,45.0333,7.35,16747.0,2020-01-01,,,5.6,
Giffoni Valle Piana,Italy,40.7167,14.9333,11899.0,2020-01-01,,,11.1,
Ginosa,Italy,40.5,16.75,22430.0,2020-01-01,1.6,,,
Gioia Tauro,Italy,38.4333,15.9,20076.0,2020-01-01,,,14.33,
Gioia del Colle,Italy,40.8,16.9333,27644.0,2020-01-01,1.6,,,
Giovinazzo,Italy,41.1833,16.6667,20348.0,2020-01-01,1.6,,,
Giugliano in Campania,Italy,40.9319,14.1956,124361.0,2020-01-01,,,,2.8
Giulianova,Italy,42.7525,13.9567,23875.0,2020-01-01,,,4.55,
Giussano,Italy,45.7,9.2167,25945.0,2020-01-01,,,7.12,
Goito,Italy,45.25,10.6667,10222.0,2020-01-01,,1.6,,
Gorgonzola,Italy,45.5333,9.4,20529.0,2020-01-01,,,7.12,
Gorizia,Italy,45.9352,13.6193,34411.0,2020-01-01,,,7.7,
Gragnano,Italy,40.6957,14.5154,28897.0,2020-01-01,,,,2.8
Grammichele,Italy,37.2167,14.6333,13267.0,2020-01-01,,,16.35,
Granarolo del l’Emilia,Italy,44.5542,11.4439,12032.0,2020-01-01,,,4.8,
Gravina in Puglia,Italy,40.8206,16.4233,43816.0,2020-01-01,1.6,,,
Grezzana,Italy,45.5167,11.0167,10805.0,2020-01-01,,1.6,,
Gricignano d’Aversa,Italy,40.9833,14.2333,12296.0,2020-01-01,,,,2.8
Grosseto,Italy,42.7722,11.1089,82036.0,2020-01-01,,,14.4,
Grottaferrata,Italy,41.8,12.6667,20460.0,2020-01-01,,7.58,,
Grottaglie,Italy,40.5333,17.4333,31890.0,2020-01-01,,,13.34,
Grottammare,Italy,42.9891,13.8681,16166.0,2020-01-01,,,4.55,
Grugliasco,Italy,45.0689,7.5786,37592.0,2020-01-01,,,5.6,
Grumo Appula,Italy,41.0167,16.7,12710.0,2020-01-01,1.6,,,
Grumo Nevano,Italy,40.9333,14.2667,17939.0,2020-01-01,,,,2.8
Gualdo Tadino,Italy,43.2333,12.7833,15018.0,2020-01-01,,,8.47,
Guastalla,Italy,44.9214,10.6542,15032.0,2020-01-01,,1.6,,
Gubbio,Italy,43.3518,12.5773,31736.0,2020-01-01,,,8.47,
Guspini,Italy,39.54,8.6267,11725.0,2020-01-01,,,,8.1
Gussago,Italy,45.6,10.15,16681.0,2020-01-04,,,7.25,
Iesi,Italy,43.5228,13.2439,40210.0,2020-01-01,,,8.47,
Iesolo,Italy,45.5331,12.6448,26199.0,2020-01-01,,,9.0,
Iglesias,Italy,39.3103,8.5372,26784.0,2020-01-01,,,,8.1
Imola,Italy,44.3531,11.7147,69936.0,2020-01-01,,,7.1,
Imperia,Italy,43.8865,8.0297,42318.0,2020-01-01,,,13.4,
Impruneta,Italy,43.6854,11.2544,14618.0,2020-01-01,,,4.8,
Induno Olona,Italy,45.85,8.8333,10266.0,2020-01-01,,,7.12,
Inzago,Italy,45.5333,9.4833,10949.0,2020-01-01,,,7.12,
Ischia,Italy,40.75,13.95,20118.0,2020-01-01,,,,2.8
Isernia,Italy,41.6028,14.2397,21666.0,2020-01-01,,,7.56,
Isola Capo Rizzuto,Italy,38.9667,17.1,17832.0,2020-01-01,,,,-4.33
Isola Vicentina,Italy,45.6333,11.45,10242.0,2020-01-01,,1.6,,
Isola del Liri,Italy,41.6833,13.5667,11482.0,2020-01-01,,,,2.8
Isola della Scala,Italy,45.2667,11.1333,11545.0,2020-01-01,,1.6,,
Ispica,Italy,36.7853,14.9069,16307.0,2020-01-01,,,15.7,
Itri,Italy,41.2833,13.5333,10761.0,2020-01-01,,,,2.8
Ivrea,Italy,45.4622,7.8747,23442.0,2020-01-01,,,5.6,
La Maddalena,Italy,41.2142,9.4083,11233.0,2020-01-01,,,,5.94
La Spezia,Italy,44.108,9.8289,93311.0,2020-01-01,,,12.38,
Ladispoli,Italy,41.9544,12.0742,41604.0,2020-01-01,,,12.2,
Lainate,Italy,45.5667,9.0333,25763.0,2020-01-04,,,6.73,
Laives,Italy,46.4276,11.3405,17954.0,2020-01-01,,,0.72,
Lana,Italy,46.6167,11.1667,12286.0,2020-01-01,,,0.72,
Lanciano,Italy,42.2312,14.3905,35002.0,2020-01-01,,,,7.7
Langhirano,Italy,44.6167,10.2667,10346.0,2020-01-01,,,4.8,
Lanuvio,Italy,41.6833,12.7,13580.0,2020-01-01,,7.58,,
Lariano,Italy,41.7333,12.8333,13448.0,2020-01-01,,7.58,,
Lastra a Signa,Italy,43.7667,11.1,20308.0,2020-01-01,,,4.8,
Laterza,Italy,40.6333,16.8,15171.0,2020-01-01,1.6,,,
Latiano,Italy,40.5333,17.7167,14403.0,2020-01-01,,,13.34,
Latina,Italy,41.4676,12.9037,126470.0,2020-01-01,,7.58,,
Latisana,Italy,45.7833,13.0,13478.0,2020-01-11,,,12.6,
Lauria Inferiore,Italy,40.0472,15.8358,12694.0,2020-01-01,,,11.1,
Lavagna,Italy,44.3122,9.3417,12617.0,2020-01-01,,,12.38,
Lavello,Italy,41.05,15.8,13411.0,2020-01-01,,,5.96,
Lecce,Italy,40.352,18.1691,95441.0,2020-01-01,,,13.34,
Lecco,Italy,45.85,9.4,48177.0,2020-01-01,,,7.12,
Legnago,Italy,45.1929,11.3115,25259.0,2020-01-01,,1.6,,
Legnano,Italy,45.5781,8.9183,60177.0,2020-01-04,,,6.73,
Leinì,Italy,45.1836,7.7153,16375.0,2020-01-01,,,5.6,
Lendinara,Italy,45.085,11.6006,11694.0,2020-01-01,,,9.0,
Leno,Italy,45.3703,10.2167,14322.0,2020-01-04,,,7.25,
Lentate sul Seveso,Italy,45.6833,9.1167,15878.0,2020-01-01,,,7.12,
Lentini,Italy,37.2833,15.0,23526.0,2020-01-01,,,16.35,
Leonforte,Italy,37.65,14.4,13106.0,2020-01-01,,,7.6,
Lerici,Italy,44.0763,9.9111,10133.0,2020-01-01,,,12.38,
Leverano,Italy,40.2833,18.0833,14145.0,2020-01-01,,,13.34,
Licata,Italy,37.1083,13.9469,37008.0,2020-01-01,,,7.6,
Limbiate,Italy,45.5972,9.13,35141.0,2020-01-01,,,7.12,
Lipari,Italy,38.4673,14.9554,12819.0,2020-01-01,,,14.33,
Lissone,Italy,45.6167,9.25,45535.0,2020-01-01,,,7.12,
Livorno,Italy,43.55,10.3167,158371.0,2020-01-01,,,12.38,
Lizzanello,Italy,40.3047,18.2228,11934.0,2020-01-01,,,13.34,
Loano,Italy,44.129,8.2598,11224.0,2020-01-01,,,13.4,
Locate di Triulzi,Italy,45.35,9.2167,10216.0,2020-01-04,,,6.73,
Locorotondo,Italy,40.75,17.3167,14190.0,2020-01-01,1.6,,,
Locri,Italy,38.2333,16.2667,12367.0,2020-01-01,,,14.33,
Lodi,Italy,45.3167,9.5,45252.0,2020-01-04,,,7.25,
Lonate Pozzolo,Italy,45.6,8.75,11786.0,2020-01-04,,,6.73,
Lonigo,Italy,45.3833,11.3833,16466.0,2020-01-01,,1.6,,
Loreto,Italy,43.4403,13.6074,12802.0,2020-01-01,,,8.47,
Lucca,Italy,43.85,10.5167,89243.0,2020-01-01,,,12.38,
Lucera,Italy,41.5,15.3333,33085.0,2020-01-01,,,,7.7
Luino,Italy,46.0,8.75,14454.0,2020-01-01,,,7.12,
L’Aquila,Italy,42.354,13.392,69439.0,2020-01-01,,,4.55,
Macerata,Italy,43.3003,13.4533,41776.0,2020-01-01,,,8.47,
Macerata Campania,Italy,41.0667,14.2667,10507.0,2020-01-01,,,,2.8
Macomer,Italy,40.2644,8.7751,10019.0,2020-01-01,,,,9.45
Maddaloni,Italy,41.0333,14.3833,39026.0,2020-01-01,,,,2.8
Magenta,Italy,45.4603,8.8766,23906.0,2020-01-04,,,6.73,
Magione,Italy,43.15,12.2,14815.0,2020-01-01,,,8.47,
Maglie,Italy,40.1167,18.3,14196.0,2020-01-01,,,11.75,
Malnate,Italy,45.8,8.8833,16784.0,2020-01-01,,,7.12,
Malo,Italy,45.6582,11.4047,14855.0,2020-01-01,,1.6,,
Mandello del Lario,Italy,45.9167,9.3167,10313.0,2020-01-01,,,7.12,
Manduria,Italy,40.4028,17.6342,31159.0,2020-01-01,,,13.34,
Manerbio,Italy,45.3667,10.1333,13109.0,2020-01-04,,,7.25,
Manfredonia,Italy,41.6333,15.9167,56906.0,2020-01-01,,,5.96,
Maniago,Italy,46.1667,12.7167,11746.0,2020-01-11,,,12.6,
Mantova,Italy,45.1564,10.7911,49409.0,2020-01-01,,1.6,,
Maranello,Italy,44.5256,10.8664,17590.0,2020-01-01,,,4.8,
Marano di Napoli,Italy,40.9,14.1833,59862.0,2020-01-01,,,,2.8
Marcianise,Italy,41.0333,14.3,39792.0,2020-01-01,,,,2.8
Marcon,Italy,45.5543,12.2994,17447.0,2020-01-01,,,9.0,
Margherita di Savoia,Italy,41.3667,16.15,11771.0,2020-01-01,,,5.96,
Mariano Comense,Italy,45.7,9.1833,24956.0,2020-01-01,,,7.12,
Marigliano,Italy,40.9333,14.45,29879.0,2020-01-01,,,,2.8
Marino,Italy,41.7667,12.6667,44472.0,2020-01-01,,7.58,,
Marostica,Italy,45.7456,11.6553,14039.0,2020-01-01,,,9.0,
Marsala,Italy,37.7981,12.4342,82802.0,2020-01-01,,,15.04,
Marsciano,Italy,42.9167,12.3333,18701.0,2020-01-01,,,8.47,
Martellago,Italy,45.5467,12.1575,21502.0,2020-01-01,,,9.0,
Martina Franca,Italy,40.7,17.3333,48786.0,2020-01-01,1.6,,,
Martinengo,Italy,45.5704,9.7674,10560.0,2020-01-04,,,7.25,
Martinsicuro,Italy,42.8851,13.916,15992.0,2020-01-01,,,4.55,
Mascali,Italy,37.7578,15.1958,14301.0,2020-01-01,,,16.35,
Mascalucia,Italy,37.5667,15.05,32167.0,2020-01-01,,,16.35,
Massa,Italy,44.0333,10.1333,69037.0,2020-01-01,,,12.38,
Massa Lombarda,Italy,44.45,11.8167,10646.0,2020-01-01,,,7.1,
Massafra,Italy,40.5833,17.1167,32861.0,2020-01-01,1.6,,,
Massalubrense,Italy,40.6167,14.35,14294.0,2020-01-01,,,,2.8
Massarosa,Italy,43.8667,10.3333,22430.0,2020-01-01,,,12.38,
Matera,Italy,40.6667,16.6,60403.0,2020-01-01,1.6,,,
Matino,Italy,40.0333,18.1333,11444.0,2020-01-01,,,11.75,
Mazara del Vallo,Italy,37.6517,12.5875,51488.0,2020-01-01,,,15.04,
Mazzarino,Italy,37.3,14.2,11842.0,2020-01-01,,,7.6,
Meda,Italy,45.6667,9.1667,23463.0,2020-01-01,,,7.12,
Medesano,Italy,44.7568,10.1403,10850.0,2020-01-04,,,7.25,
Medicina,Italy,44.4833,11.6333,16768.0,2020-01-01,,,7.1,
Melegnano,Italy,45.3667,9.3167,18127.0,2020-01-04,,,6.73,
Melfi,Italy,40.9964,15.6558,17878.0,2020-01-01,,,5.96,
Melilli,Italy,37.1833,15.1167,13519.0,2020-01-01,,,16.35,
Melito di Napoli,Italy,40.9167,14.2333,37943.0,2020-01-01,,,,2.8
Melito di Porto Salvo,Italy,37.9167,15.7833,11240.0,2020-01-01,,,14.33,
Melzo,Italy,45.5,9.4167,18493.0,2020-01-01,,,7.12,
Menfi,Italy,37.6078,12.9686,12471.0,2020-01-01,,,15.04,
Mentana,Italy,42.0337,12.6444,23126.0,2020-01-01,,7.58,,
Merano,Italy,46.6689,11.1639,40485.0,2020-01-01,,,0.72,
Merate,Italy,45.7,9.4333,14891.0,2020-01-01,,,7.12,
Mercato San Severino,Italy,40.7833,14.7667,22335.0,2020-01-01,,,,2.8
Mercogliano,Italy,40.9231,14.7428,12369.0,2020-01-01,,,7.56,
Mesagne,Italy,40.5667,17.8,26836.0,2020-01-01,,,13.34,
Messina,Italy,38.1936,15.5542,234293.0,2020-01-01,,,14.33,
Mestre,Italy,45.4906,12.2381,89376.0,2020-01-01,,,9.0,
Mestrino,Italy,45.45,11.7667,11502.0,2020-01-01,,,9.0,
Milan,Italy,45.4669,9.19,1366180.0,2020-01-04,,,6.73,
Milazzo,Italy,38.217,15.237,31231.0,2020-01-01,,,14.33,
Minturno,Italy,41.2667,13.75,19804.0,2020-01-01,,,,2.8
Mira,Italy,45.4375,12.1329,38573.0,2020-01-01,,,9.0,
Mirandola,Italy,44.8873,11.066,23650.0,2020-01-01,,1.6,,
Mirano,Italy,45.5,12.1,27169.0,2020-01-01,,,9.0,
Misano Adriatico,Italy,43.9667,12.7,13400.0,2020-01-01,,,10.32,
Misilmeri,Italy,38.0333,13.45,29376.0,2020-01-01,,12.62,,
Misterbianco,Italy,37.5183,15.0069,49992.0,2020-01-01,,,16.35,
Modena,Italy,44.6458,10.9257,185273.0,2020-01-01,,,4.8,
Modica,Italy,36.8672,14.7614,54530.0,2020-01-01,,,15.7,
Modugno,Italy,41.0833,16.7833,38453.0,2020-01-01,1.6,,,
Mogliano Veneto,Italy,45.5619,12.2364,27852.0,2020-01-01,,,9.0,
Mola di Bari,Italy,41.0667,17.0833,25393.0,2020-01-01,1.6,,,
Molfetta,Italy,41.2,16.6,59470.0,2020-01-01,1.6,,,
Molinella,Italy,44.6167,11.6667,15642.0,2020-01-01,,,7.1,
Moncalieri,Italy,45.0,7.6833,57234.0,2020-01-01,,,5.6,
Mondolfo,Italy,43.7517,13.0956,14265.0,2020-01-01,,,8.47,
Mondovì,Italy,44.3833,7.8167,22444.0,2020-01-01,,,13.4,
Mondragone,Italy,41.1,13.8833,28797.0,2020-01-01,,,,2.8
Monesiglio,Italy,44.4667,8.1167,16631.0,2020-01-01,,,13.4,
Monopoli,Italy,40.95,17.3,48964.0,2020-01-01,1.6,,,
Monreale,Italy,38.0817,13.2889,39047.0,2020-01-01,,12.62,,
Monselice,Italy,45.2333,11.75,17572.0,2020-01-01,,,9.0,
Monserrato,Italy,39.2568,9.1387,19771.0,2020-01-01,,9.52,,
Monsummano,Italy,43.8667,10.8167,21141.0,2020-01-01,,,4.8,
Montale,Italy,43.9333,11.0167,10777.0,2020-01-01,,,4.8,
Montalto Uffugo,Italy,39.4,16.15,20213.0,2020-01-01,,,,-4.33
Monte Compatri,Italy,41.8081,12.7372,12134.0,2020-01-01,,7.58,,
Monte San Giovanni Campano,Italy,41.6333,13.5167,12706.0,2020-01-01,,,,2.8
Monte San Pietro,Italy,44.4578,11.199,10960.0,2020-01-01,,,4.8,
Monte Sant’Angelo,Italy,41.7,15.9667,12342.0,2020-01-01,,,5.96,
Monte di Procida,Italy,40.8,14.05,12743.0,2020-01-01,,,,2.8
Montebelluna,Italy,45.7753,12.0389,31258.0,2020-01-01,,,9.0,
Montecatini Terme,Italy,43.8828,10.7711,20540.0,2020-01-01,,,4.8,
Montecchio Emilia,Italy,44.6986,10.4486,10578.0,2020-01-01,,,4.8,
Montecchio Maggiore,Italy,45.5037,11.412,23316.0,2020-01-01,,1.6,,
Montechiarugolo,Italy,44.6934,10.4224,10976.0,2020-01-01,,,4.8,
Montecorvino Rovella,Italy,40.7,14.9833,12682.0,2020-01-01,,,11.1,
Montefiascone,Italy,42.5333,12.0333,13498.0,2020-01-01,,,12.2,
Monteforte Irpino,Italy,40.8928,14.7194,11933.0,2020-01-01,,,,2.8
Montegranaro,Italy,43.2332,13.6322,12876.0,2020-01-01,,,8.47,
Montegrotto Terme,Italy,45.3333,11.7833,11448.0,2020-01-01,,,9.0,
Montelupo Fiorentino,Italy,43.7333,11.0167,14247.0,2020-01-01,,,4.8,
Montemurlo,Italy,43.9278,11.04,18779.0,2020-01-01,,,4.8,
Monteprandone,Italy,42.9203,13.8355,12678.0,2020-01-01,,,4.55,
Montepulciano,Italy,43.1,11.7833,13984.0,2020-01-01,,,14.4,
Monteroni di Lecce,Italy,40.3333,18.1,13923.0,2020-01-01,,,13.34,
Monterotondo,Italy,42.05,12.6167,41144.0,2020-01-01,,7.58,,
Montesarchio,Italy,41.0667,14.6333,13508.0,2020-01-01,,,7.56,
Montesilvano,Italy,42.5119,14.1373,54194.0,2020-01-01,,,,7.7
Montespertoli,Italy,43.65,11.0833,13497.0,2020-01-01,,,4.8,
Montevarchi,Italy,43.5234,11.5679,24440.0,2020-01-01,,,14.4,
Montichiari,Italy,45.4161,10.3917,25714.0,2020-01-04,,,7.25,
Montignoso,Italy,44.0167,10.1667,10311.0,2020-01-01,,,12.38,
Montopoli in Val d’Arno,Italy,43.6744,10.7503,11149.0,2020-01-01,,,12.38,
Monza,Italy,45.5836,9.2736,123598.0,2020-01-01,,,7.12,
Morbegno,Italy,46.1333,9.5667,12407.0,2020-01-01,,,7.12,
Morrovalle,Italy,43.3146,13.5806,10056.0,2020-01-01,,,8.47,
Mortara,Italy,45.25,8.75,15362.0,2020-01-04,,,6.73,
Motta Sant’Anastasia,Italy,37.5,14.9667,12189.0,2020-01-01,,,16.35,
Motta di Livenza,Italy,45.7797,12.6086,10801.0,2020-01-11,,,12.6,
Mottola,Italy,40.6333,17.0333,15842.0,2020-01-01,1.6,,,
Muggiò,Italy,45.6,9.2333,23581.0,2020-01-01,,,7.12,
Mugnano di Napoli,Italy,40.9094,14.2098,34996.0,2020-01-01,,,,2.8
Musile di Piave,Italy,45.6178,12.565,11461.0,2020-01-01,,,9.0,
Mussomeli,Italy,37.5833,13.75,10556.0,2020-01-01,,,7.6,
Múggia,Italy,45.6,13.7667,13111.0,2020-01-01,,,12.28,
Naples,Italy,40.8333,14.25,966144.0,2020-01-01,,,,2.8
Nardò,Italy,40.1797,18.0333,31431.0,2020-01-01,,,13.34,
Narni,Italy,42.5167,12.5167,19252.0,2020-01-01,,,4.55,
Negrar,Italy,45.5333,10.9333,17093.0,2020-01-01,,1.6,,
Nembro,Italy,45.7439,9.7594,11530.0,2020-01-04,,,7.25,
Nerviano,Italy,45.55,8.9833,17176.0,2020-01-04,,,6.73,
Nettuno,Italy,41.4667,12.6667,49852.0,2020-01-01,,,,8.0
Nichelino,Italy,45.0,7.65,47721.0,2020-01-01,,,5.6,
Nicosia,Italy,37.75,14.4,13588.0,2020-01-01,,,7.6,
Niscemi,Italy,37.15,14.3833,26946.0,2020-01-01,,,7.6,
Nizza Monferrato,Italy,44.7747,8.355,10313.0,2020-01-01,,,5.6,
Noale,Italy,45.5501,12.0709,16017.0,2020-01-01,,,9.0,
Nocera Inferiore,Italy,40.75,14.6333,45784.0,2020-01-01,,,,2.8
Nocera Superiore,Italy,40.7417,14.6722,24369.0,2020-01-01,,,,2.8
Noceto,Italy,44.8167,10.1833,12919.0,2020-01-04,,,7.25,
Noci,Italy,40.8,17.1333,19115.0,2020-01-01,1.6,,,
Noicattaro,Italy,41.0333,16.9833,26325.0,2020-01-01,1.6,,,
Nonantola,Italy,44.6777,11.043,15957.0,2020-01-01,,,4.8,
Noto,Italy,36.8833,15.0833,24028.0,2020-01-01,,,15.7,
Nova Milanese,Italy,45.5833,9.2,23334.0,2020-01-01,,,7.12,
Novara,Italy,45.45,8.6167,104183.0,2020-01-04,,,6.73,
Novate Milanese,Italy,45.5333,9.1333,20003.0,2020-01-04,,,6.73,
Novellara,Italy,44.85,10.7333,13721.0,2020-01-01,,1.6,,
Novi Ligure,Italy,44.7592,8.7856,28210.0,2020-01-04,,,6.73,
Novi di Modena,Italy,44.8934,10.901,10107.0,2020-01-01,,1.6,,
Nuoro,Italy,40.3201,9.3281,36579.0,2020-01-01,,,14.92,
Occhiobello,Italy,44.9216,11.5812,11993.0,2020-01-01,,1.6,,
Oderzo,Italy,45.7808,12.4928,20466.0,2020-01-01,,,9.0,
Olbia,Italy,40.9167,9.5,60261.0,2020-01-01,,,14.92,
Oleggio,Italy,45.6,8.6333,14135.0,2020-01-04,,,6.73,
Olgiate Comasco,Italy,45.7833,8.9667,11633.0,2020-01-01,,,7.12,
Olgiate Olona,Italy,45.6333,8.8833,12444.0,2020-01-04,,,6.73,
Omegna,Italy,45.8781,8.4069,15285.0,2020-01-04,,,6.73,
Opera,Italy,45.3833,9.2167,13858.0,2020-01-04,,,6.73,
Oppeano,Italy,45.3,11.1833,10017.0,2020-01-01,,1.6,,
Orbassano,Italy,45.0,7.5333,23365.0,2020-01-01,,,5.6,
Orbetello,Italy,42.4394,11.2125,14744.0,2020-01-01,,,14.4,
Oristano,Italy,39.9058,8.5916,31671.0,2020-01-01,,,,8.1
Orta Nova,Italy,41.3308,15.7114,17675.0,2020-01-01,,,5.96,
Ortona,Italy,42.3557,14.4036,23111.0,2020-01-01,,,,7.7
Orvieto,Italy,42.7167,12.1,20253.0,2020-01-01,,,12.2,
Orzinuovi,Italy,45.4,9.9333,12419.0,2020-01-04,,,7.25,
Osimo,Italy,43.4861,13.4821,35071.0,2020-01-01,,,8.47,
Ospitaletto,Italy,45.5553,10.0733,14711.0,2020-01-04,,,7.25,
Ostuni,Italy,40.7322,17.5778,31197.0,2020-01-01,,,13.34,
Ottaviano,Italy,40.85,14.4775,23710.0,2020-01-01,,,,2.8
Ovada,Italy,44.6392,8.6464,11365.0,2020-01-01,,,13.4,
Ozieri,Italy,40.5849,9.0033,10575.0,2020-01-01,,,,9.45
Paceco,Italy,37.9833,12.55,11307.0,2020-01-01,,,15.04,
Pachino,Italy,36.7167,15.1,22237.0,2020-01-01,,,15.7,
Paderno Dugnano,Italy,45.5667,9.1667,46701.0,2020-01-01,,,7.12,
Padova,Italy,45.4064,11.8778,210440.0,2020-01-01,,,9.0,
Paese,Italy,45.6667,12.15,21992.0,2020-01-01,,,9.0,
Palagiano,Italy,40.5833,17.05,16105.0,2020-01-01,1.6,,,
Palagonia,Italy,37.3333,14.75,16654.0,2020-01-01,,,16.35,
Palermo,Italy,38.1157,13.3613,668405.0,2020-01-01,,12.62,,
Palestrina,Italy,41.8333,12.9,21872.0,2020-01-01,,7.58,,
Pallazzolo sull’Oglio,Italy,45.6,9.8833,20026.0,2020-01-04,,,7.25,
Palma Campania,Italy,40.8667,14.55,18218.0,2020-01-01,,,,2.8
Palma di Montechiaro,Italy,37.1936,13.7658,22663.0,2020-01-01,,,7.6,
Palmi,Italy,38.3667,15.85,18606.0,2020-01-01,,,14.33,
Palo del Colle,Italy,41.05,16.7,21488.0,2020-01-01,1.6,,,
Palombara Sabina,Italy,42.0667,12.7667,13200.0,2020-01-01,,7.58,,
Paola,Italy,39.3667,16.0333,15716.0,2020-01-01,,,,-4.33
Parabiago,Italy,45.5583,8.9477,27842.0,2020-01-04,,,6.73,
Parma,Italy,44.8015,10.328,195687.0,2020-01-04,,,7.25,
Partanna,Italy,37.7289,12.8894,10422.0,2020-01-01,,,15.04,
Partinico,Italy,38.05,13.1167,31786.0,2020-01-01,,,15.04,
Paterno,Italy,37.5667,14.9,47827.0,2020-01-01,,,16.35,
Patti,Italy,38.1333,14.9667,13266.0,2020-01-01,,,14.33,
Paullo,Italy,45.4167,9.4,11429.0,2020-01-01,,,7.12,
Pavia,Italy,45.1853,9.155,72773.0,2020-01-04,,,6.73,
Pavullo nel Frignano,Italy,44.3327,10.8331,17361.0,2020-01-01,,,4.8,
Pedara,Italy,37.6167,15.0667,14613.0,2020-01-01,,,16.35,
Pellezzano,Italy,40.7333,14.7667,11101.0,2020-01-01,,,,2.8
Pergine Valsugana,Italy,46.0667,11.2333,21384.0,2020-01-01,,,0.72,
Perugia,Italy,43.1121,12.3888,165683.0,2020-01-01,,,8.47,
Pesaro,Italy,43.9102,12.9133,94958.0,2020-01-01,,,10.32,
Pescantina,Italy,45.4833,10.8667,17236.0,2020-01-01,,1.6,,
Pescara,Italy,42.4643,14.2142,119217.0,2020-01-01,,,,7.7
Peschiera del Garda,Italy,45.4386,10.6886,10583.0,2020-01-01,,1.6,,
Pescia,Italy,43.9017,10.6898,19584.0,2020-01-01,,,4.8,
Piacenza,Italy,45.05,9.7,103082.0,2020-01-04,,,7.25,
Pianezza,Italy,45.1042,7.55,15309.0,2020-01-01,,,5.6,
Pianiga,Italy,45.4583,12.008,12363.0,2020-01-01,,,9.0,
Piano di Sorrento,Italy,40.6333,14.4111,13008.0,2020-01-01,,,,2.8
Pianoro,Italy,44.3833,11.3333,17503.0,2020-01-01,,,4.8,
Piazza Armerina,Italy,37.3833,14.3667,21775.0,2020-01-01,,,7.6,
Piazzola sul Brenta,Italy,45.5333,11.7667,11189.0,2020-01-01,,,9.0,
Pietrasanta,Italy,43.9452,10.2183,23662.0,2020-01-01,,,12.38,
Pieve di Soligo,Italy,45.8833,12.1667,12057.0,2020-01-01,,,9.0,
Pinerolo,Italy,44.8833,7.3333,35947.0,2020-01-01,,,5.6,
Pineto,Italy,42.6167,14.0667,14915.0,2020-01-01,,,4.55,
Pioltello,Italy,45.5,9.3333,36920.0,2020-01-01,,,7.12,
Piombino,Italy,42.9348,10.5221,33855.0,2020-01-01,,,14.4,
Piossasco,Italy,44.9833,7.4667,18322.0,2020-01-01,,,5.6,
Piove di Sacco,Italy,45.2977,12.0368,19902.0,2020-01-01,,,9.0,
Pisa,Italy,43.7167,10.4,90118.0,2020-01-01,,,12.38,
Pisticci,Italy,40.3833,16.55,17602.0,2020-01-01,1.6,,,
Pistoia,Italy,43.9333,10.9167,90195.0,2020-01-01,,,4.8,
Poggibonsi,Italy,43.4667,11.15,29031.0,2020-01-01,,,14.4,
Poggio a Caiano,Italy,43.8167,11.0667,10048.0,2020-01-01,,,4.8,
Poggiomarino,Italy,40.8,14.55,21993.0,2020-01-01,,,,2.8
Poirino,Italy,44.9167,7.85,10576.0,2020-01-01,,,5.6,
Policoro,Italy,40.2,16.6667,17694.0,2020-01-01,1.6,,,
Polignano a Mare,Italy,40.9961,17.2203,18022.0,2020-01-01,1.6,,,
Polistena,Italy,38.4,16.0667,10373.0,2020-01-01,,,14.33,
Pomezia,Italy,41.6693,12.5021,63641.0,2020-01-01,,,,8.0
Pomigliano d’Arco,Italy,40.9167,14.4,39819.0,2020-01-01,,,,2.8
Pompei,Italy,40.75,14.5,25207.0,2020-01-01,,,,2.8
Ponsacco,Italy,43.6167,10.6333,15539.0,2020-01-01,,,12.38,
Pontassieve,Italy,43.775,11.4375,20607.0,2020-01-01,,,4.8,
Ponte San Pietro,Italy,45.6978,9.5881,11502.0,2020-01-01,,,7.12,
Pontecagnano,Italy,40.65,14.8833,26242.0,2020-01-01,,,11.1,
Pontecorvo,Italy,41.4626,13.6676,13125.0,2020-01-01,,,,2.8
Pontedera,Italy,43.6625,10.6328,29168.0,2020-01-01,,,12.38,
Pontinia,Italy,41.4083,13.0443,14915.0,2020-01-01,,10.94,,
Pordenone,Italy,45.9626,12.6563,51127.0,2020-01-11,,,12.6,
Portici,Italy,40.8197,14.3411,54577.0,2020-01-01,,,,2.8
Porto Empedocle,Italy,37.2944,13.5272,16701.0,2020-01-01,,,7.6,
Porto Recanati,Italy,43.4299,13.6649,12609.0,2020-01-01,,,8.47,
Porto San Giorgio,Italy,43.1848,13.7955,16068.0,2020-01-01,,,4.55,
Porto Sant’Elpidio,Italy,43.2586,13.7585,26408.0,2020-01-01,,,8.47,
Porto Torres,Italy,40.8369,8.4014,22367.0,2020-01-01,,,,9.45
Portoferraio,Italy,42.8167,10.3167,11955.0,2020-01-01,,,14.4,
Portogruaro,Italy,45.7833,12.8333,24959.0,2020-01-11,,,12.6,
Portomaggiore,Italy,44.7,11.8,11630.0,2020-01-01,,,7.1,
Potenza,Italy,40.6333,15.8,67211.0,2020-01-01,,,11.1,
Potenza Picena,Italy,43.3663,13.6203,15827.0,2020-01-01,,,8.47,
Pozzallo,Italy,36.7303,14.8467,19466.0,2020-01-01,,,15.7,
Pozzuoli,Italy,40.8231,14.1222,81141.0,2020-01-01,,,,2.8
Prato,Italy,43.8808,11.0966,193325.0,2020-01-01,,,4.8,
Preganziol,Italy,45.6,12.2333,16957.0,2020-01-01,,,9.0,
Priolo Gargallo,Italy,37.1667,15.1833,11883.0,2020-01-01,,,16.35,
Priverno,Italy,41.4667,13.1833,14365.0,2020-01-01,,10.94,,
Procida,Italy,40.7667,14.0333,10465.0,2020-01-01,,,,2.8
Pulsano,Italy,40.3842,17.3547,11504.0,2020-01-01,1.6,,,
Putignano,Italy,40.8492,17.1225,26679.0,2020-01-01,1.6,,,
Qualiano,Italy,40.9167,14.15,25755.0,2020-01-01,,,,2.8
Quarrata,Italy,43.8475,10.9833,26460.0,2020-01-01,,,4.8,
Quartu Sant’Elena,Italy,39.2291,9.2649,70879.0,2020-01-01,,9.52,,
Quartucciu,Italy,39.2529,9.1762,13234.0,2020-01-01,,9.52,,
Quattro Castella,Italy,44.6333,10.4667,13217.0,2020-01-01,,,4.8,
Racale,Italy,39.9667,18.1,11011.0,2020-01-01,,,11.75,
Raffadali,Italy,37.4047,13.5339,12650.0,2020-01-01,,,7.6,
Ragusa,Italy,36.925,14.7306,73638.0,2020-01-01,,,15.7,
Ramacca,Italy,37.3833,14.7,10866.0,2020-01-01,,,16.35,
Randazzo,Italy,37.8833,14.95,10763.0,2020-01-01,,,16.35,
Rapallo,Italy,44.35,9.2333,29728.0,2020-01-01,,,13.4,
Ravanusa,Italy,37.2678,13.9697,11471.0,2020-01-01,,,7.6,
Ravenna,Italy,44.4178,12.1994,159115.0,2020-01-01,,,7.1,
Recanati,Italy,43.3986,13.5525,21186.0,2020-01-01,,,8.47,
Reggello,Italy,43.6833,11.5333,16543.0,2020-01-01,,,7.1,
Reggio Emilia,Italy,44.7,10.6333,171944.0,2020-01-01,,,4.8,
Reggio di Calabria,Italy,38.1144,15.65,181447.0,2020-01-01,,,14.33,
Rende,Italy,39.3333,16.1833,35727.0,2020-01-01,,,,-4.33
Rescaldina,Italy,45.6167,8.95,14185.0,2020-01-04,,,6.73,
Rezzato,Italy,45.515,10.3175,13576.0,2020-01-04,,,7.25,
Rho,Italy,45.5333,9.0333,50904.0,2020-01-04,,,6.73,
Ribera,Italy,37.4994,13.265,18832.0,2020-01-01,,,15.04,
Riccione Marina,Italy,44.0,12.65,35003.0,2020-01-01,,,10.32,
Riesi,Italy,37.2833,14.0833,11402.0,2020-01-01,,,7.6,
Rieti,Italy,42.4044,12.8567,47436.0,2020-01-01,,,4.55,
Rignano Flaminio,Italy,42.2,12.4833,10328.0,2020-01-01,,,12.2,
Rimini,Italy,44.0594,12.5683,149403.0,2020-01-01,,,10.32,
Rionero in Vulture,Italy,40.9167,15.6667,13236.0,2020-01-01,,,5.96,
Riposto,Italy,37.7333,15.2,14620.0,2020-01-01,,,16.35,
Rivalta di Torino,Italy,45.0333,7.5333,20185.0,2020-01-01,,,5.6,
Rivarolo Canavese,Italy,45.3333,7.7167,12539.0,2020-01-01,,,5.6,
Rivoli,Italy,45.0725,7.5272,48629.0,2020-01-01,,,5.6,
Rocca Priora,Italy,41.7833,12.7667,12060.0,2020-01-01,,7.58,,
Rocca di Papa,Italy,41.7667,12.7167,17201.0,2020-01-01,,7.58,,
Romano di Lombardia,Italy,45.5167,9.75,20486.0,2020-01-04,,,7.25,
Rome,Italy,41.8931,12.4828,2872800.0,2020-01-01,,7.58,,
Roncade,Italy,45.6246,12.3766,14561.0,2020-01-01,,,9.0,
Ronchi dei Legionari,Italy,45.8333,13.5,11971.0,2020-01-01,,,7.7,
Rosarno,Italy,38.485,15.9797,14776.0,2020-01-01,,,14.33,
Roseto degli Abruzzi,Italy,42.6833,14.0167,25588.0,2020-01-01,,,4.55,
Rosignano Marittimo,Italy,43.4,10.4667,31039.0,2020-01-01,,,12.38,
Rosolini,Italy,36.8167,14.95,21206.0,2020-01-01,,,15.7,
Rossano,Italy,39.5667,16.6333,36598.0,2020-01-01,,,,-4.33
Rosà,Italy,45.7167,11.7667,14499.0,2020-01-01,,,9.0,
Rottofreno,Italy,45.0579,9.5489,12220.0,2020-01-04,,,7.25,
Rovato,Italy,45.5642,9.9997,19223.0,2020-01-04,,,7.25,
Rovereto,Italy,45.8833,11.0342,39825.0,2020-01-01,,,0.72,
Rovigo,Italy,45.0809,11.794,51149.0,2020-01-01,,,9.0,
Rozzano,Italy,45.3833,9.15,42442.0,2020-01-04,,,6.73,
Rubano,Italy,45.4333,11.7833,16448.0,2020-01-01,,,9.0,
Rubiera,Italy,44.65,10.7833,14833.0,2020-01-01,,,4.8,
Russi,Italy,44.3764,12.0334,12309.0,2020-01-01,,,7.1,
Rutigliano,Italy,40.9333,16.9,18591.0,2020-01-01,1.6,,,
Ruvo di Puglia,Italy,41.1173,16.4837,25328.0,2020-01-01,,,5.96,
Sabaudia,Italy,41.2998,13.0248,20536.0,2020-01-01,,10.94,,
Sacile,Italy,45.9541,12.5027,19905.0,2020-01-01,,,9.0,
Sala Consilina,Italy,40.4,15.6,12636.0,2020-01-01,,,11.1,
Salemi,Italy,37.8167,12.8,10647.0,2020-01-01,,,15.04,
Salerno,Italy,40.6806,14.7597,133970.0,2020-01-01,,,,2.8
Salsomaggiore Terme,Italy,44.8167,9.9833,19710.0,2020-01-04,,,7.25,
Saluzzo,Italy,44.6453,7.4906,16958.0,2020-01-01,,,5.6,
Salzano,Italy,45.5333,12.1167,12911.0,2020-01-01,,,9.0,
Salò,Italy,45.6,10.5333,10603.0,2020-01-04,,,7.25,
Samarate,Italy,45.6167,8.7833,16018.0,2020-01-04,,,6.73,
San Benedetto del Tronto,Italy,42.9438,13.8833,47351.0,2020-01-01,,,4.55,
San Biagio di Callalta,Italy,45.6867,12.3815,12996.0,2020-01-01,,,9.0,
San Bonifacio,Italy,45.4,11.2833,21397.0,2020-01-01,,1.6,,
San Casciano in Val di Pesa,Italy,43.6569,11.1858,17171.0,2020-01-01,,,4.8,
San Cataldo,Italy,37.4833,13.9833,22557.0,2020-01-01,,,7.6,
San Cesareo,Italy,41.8167,12.8,15552.0,2020-01-01,,7.58,,
San Donato Milanese,Italy,45.4167,9.2667,32664.0,2020-01-04,,,6.73,
San Donà di Piave,Italy,45.6298,12.5641,41794.0,2020-01-01,,,9.0,
San Felice Circeo,Italy,41.2353,13.0956,10054.0,2020-01-01,,10.94,,
San Felice sul Panaro,Italy,44.8393,11.1413,10802.0,2020-01-01,,1.6,,
San Ferdinando di Puglia,Italy,41.3,16.0667,13828.0,2020-01-01,,,5.96,
San Gennaro Vesuviano,Italy,40.8667,14.5333,11910.0,2020-01-01,,,,2.8
San Giorgio Ionico,Italy,40.45,17.3667,15101.0,2020-01-01,1.6,,,
San Giorgio a Cremano,Italy,40.8333,14.3333,45122.0,2020-01-01,,,,2.8
San Giorgio del Sannio,Italy,41.0667,14.85,10064.0,2020-01-01,,,7.56,
San Giovanni Lupatoto,Italy,45.3833,11.0333,25337.0,2020-01-01,,1.6,,
San Giovanni Rotondo,Italy,41.7,15.7333,27172.0,2020-01-01,,,5.96,
San Giovanni Valdarno,Italy,43.5644,11.5328,16812.0,2020-01-01,,,14.4,
San Giovanni in Fiore,Italy,39.2642,16.7003,17059.0,2020-01-01,,,,-4.33
San Giovanni in Persiceto,Italy,44.6408,11.185,28153.0,2020-01-01,,,4.8,
San Giovanni la Punta,Italy,37.5833,15.1,23399.0,2020-01-01,,,16.35,
San Giuliano Milanese,Italy,45.4,9.2833,38314.0,2020-01-04,,,6.73,
San Giuliano Terme,Italy,43.7625,10.4414,31447.0,2020-01-01,,,12.38,
San Giuseppe Vesuviano,Italy,40.8333,14.5,31612.0,2020-01-01,,,,2.8
San Giustino,Italy,43.55,12.1833,11213.0,2020-01-01,,,8.47,
San Gregorio di Catania,Italy,37.5667,15.1167,11880.0,2020-01-01,,,16.35,
San Lazzaro di Savena,Italy,44.4716,11.4049,32473.0,2020-01-01,,,4.8,
San Marco in Lamis,Italy,41.7117,15.635,13583.0,2020-01-01,,,5.96,
San Martino Buon Albergo,Italy,45.4167,11.1,15482.0,2020-01-01,,1.6,,
San Martino di Lupari,Italy,45.6557,11.8594,13104.0,2020-01-01,,,9.0,
San Marzano sul Sarno,Italy,40.7697,14.5947,10499.0,2020-01-01,,,,2.8
San Maurizio Canavese,Italy,45.2171,7.6305,10312.0,2020-01-01,,,5.6,
San Mauro Pascoli,Italy,44.1,12.4167,11929.0,2020-01-01,,,7.1,
San Mauro Torinese,Italy,45.1039,7.7536,19048.0,2020-01-01,,,5.6,
San Michele al Tagliamento,Italy,45.7636,12.9953,11822.0,2020-01-11,,,12.6,
San Miniato,Italy,43.6833,10.85,27950.0,2020-01-01,,,12.38,
San Pietro Vernotico,Italy,40.4833,18.05,13556.0,2020-01-01,,,13.34,
San Pietro in Casale,Italy,44.7,11.4,12418.0,2020-01-01,,,4.8,
San Prisco,Italy,41.0833,14.2833,12333.0,2020-01-01,,,,2.8
San Remo,Italy,43.8175,7.775,54529.0,2020-01-01,,,13.4,
San Salvo,Italy,42.0455,14.7315,20184.0,2020-01-01,,,,7.7
San Severino Marche,Italy,43.2289,13.1771,12456.0,2020-01-01,,,8.47,
San Severo,Italy,41.6951,15.3793,53015.0,2020-01-01,,,,7.7
San Valentino Torio,Italy,40.7911,14.6033,10937.0,2020-01-01,,,,2.8
San Vito al Tagliamento,Italy,45.9153,12.8556,15063.0,2020-01-11,,,12.6,
San Vito dei Normanni,Italy,40.6556,17.7036,19095.0,2020-01-01,,,13.34,
Sannicandro Garganico,Italy,41.8333,15.5667,15224.0,2020-01-01,,,5.96,
Sansepolcro,Italy,43.5756,12.1439,15876.0,2020-01-01,,,8.47,
Santa Croce Camerina,Italy,36.8272,14.5239,10955.0,2020-01-01,,,15.7,
Santa Croce sull’ Arno,Italy,43.7202,10.7727,14627.0,2020-01-01,,,12.38,
Santa Flavia,Italy,38.0833,13.5333,11212.0,2020-01-01,,12.62,,
Santa Maria Capua Vetere,Italy,41.0833,14.25,32893.0,2020-01-01,,,,2.8
Santa Maria a Monte,Italy,43.7,10.6833,13061.0,2020-01-01,,,12.38,
Santa Maria a Vico,Italy,41.0333,14.4833,14004.0,2020-01-01,,,,2.8
Santa Maria di Sala,Italy,45.5089,12.0363,17774.0,2020-01-01,,,9.0,
Santa Marinella,Italy,42.0333,11.85,18921.0,2020-01-01,,,12.2,
Santeramo in Colle,Italy,40.8,16.7667,26592.0,2020-01-01,1.6,,,
Santo Stino di Livenza,Italy,45.7333,12.6833,12855.0,2020-01-11,,,12.6,
Sant’Agata de’ Goti,Italy,41.0893,14.4974,11151.0,2020-01-01,,,,2.8
Sant’Agata di Militello,Italy,38.0667,14.6333,12393.0,2020-01-01,,,7.6,
Sant’Ambrogio di Valpolicella,Italy,45.5209,10.8362,11818.0,2020-01-01,,1.6,,
Sant’Anastasia,Italy,40.8667,14.4,27690.0,2020-01-01,,,,2.8
Sant’Angelo Lodigiano,Italy,45.2389,9.4097,13202.0,2020-01-04,,,6.73,
Sant’Antimo,Italy,40.9422,14.2348,33892.0,2020-01-01,,,,2.8
Sant’Antonio Abate,Italy,40.7333,14.55,19704.0,2020-01-01,,,,2.8
Sant’Antìoco,Italy,39.0654,8.454,11152.0,2020-01-01,,,,8.1
Sant’Arcangelo di Romagna,Italy,44.0633,12.4466,22171.0,2020-01-01,,,10.32,
Sant’Arpino,Italy,40.9575,14.2492,14606.0,2020-01-01,,,,2.8
Sant’Elpidio a Mare,Italy,43.2295,13.6861,17144.0,2020-01-01,,,8.47,
Sant’Ilario d’Enza,Italy,44.7667,10.45,11263.0,2020-01-01,,,4.8,
Sarezzo,Italy,45.65,10.2,13337.0,2020-01-04,,,7.25,
Sarno,Italy,40.8167,14.6167,31625.0,2020-01-01,,,,2.8
Saronno,Italy,45.6255,9.037,39419.0,2020-01-04,,,6.73,
Sarzana,Italy,44.1136,9.96,22133.0,2020-01-01,,,12.38,
Sassari,Italy,40.7267,8.5592,116641.0,2020-01-01,,,,9.45
Sasso Marconi,Italy,44.4,11.25,14903.0,2020-01-01,,,4.8,
Sassuolo,Italy,44.5517,10.7856,40826.0,2020-01-01,,,4.8,
Sava,Italy,40.4003,17.5667,16076.0,2020-01-01,,,13.34,
Saviano,Italy,40.9167,14.5167,16182.0,2020-01-01,,,,2.8
Savigliano,Italy,44.65,7.6333,21526.0,2020-01-01,,,5.6,
Savignano sul Rubicone,Italy,44.0881,12.3933,17744.0,2020-01-01,,,7.1,
Savona,Italy,44.308,8.481,60632.0,2020-01-01,,,13.4,
Scafati,Italy,40.7536,14.5253,50686.0,2020-01-01,,,,2.8
Scalea,Italy,39.8167,15.8,11022.0,2020-01-01,,,11.1,
Scandiano,Italy,44.5925,10.6878,25758.0,2020-01-01,,,4.8,
Scandicci,Italy,43.7544,11.1894,50645.0,2020-01-01,,,4.8,
Schio,Italy,45.7111,11.3556,39082.0,2020-01-01,,,0.72,
Sciacca,Italy,37.5092,13.0889,40488.0,2020-01-01,,,15.04,
Scicli,Italy,36.7914,14.7025,27051.0,2020-01-01,,,15.7,
Scordia,Italy,37.3,14.85,16919.0,2020-01-01,,,16.35,
Scorzè,Italy,45.5719,12.1089,18848.0,2020-01-01,,,9.0,
Sedico,Italy,46.1167,12.1,10119.0,2020-01-01,,,9.0,
Sedriano,Italy,45.4833,8.9667,12246.0,2020-01-04,,,6.73,
Segrate,Italy,45.49,9.2953,35492.0,2020-01-01,,,7.12,
Selargius,Italy,39.2537,9.1606,28986.0,2020-01-01,,9.52,,
Selvazzano Dentro,Italy,45.3833,11.7833,22903.0,2020-01-01,,,9.0,
Senago,Italy,45.5833,9.1333,21500.0,2020-01-01,,,7.12,
Senigallia,Italy,43.7131,13.2183,44616.0,2020-01-01,,,8.47,
Seravezza,Italy,44.0,10.2333,12962.0,2020-01-01,,,12.38,
Seregno,Italy,45.65,9.2,45131.0,2020-01-01,,,7.12,
Seriate,Italy,45.6847,9.7178,25358.0,2020-01-04,,,7.25,
Sermoneta,Italy,41.55,12.9833,10077.0,2020-01-01,,7.58,,
Serravalle Pistoiese,Italy,43.9,10.8333,11689.0,2020-01-01,,,4.8,
Sessa Aurunca,Italy,41.2333,13.9333,21252.0,2020-01-01,,,,2.8
Sesto Calende,Italy,45.7333,8.6333,11141.0,2020-01-04,,,6.73,
Sesto Fiorentino,Italy,43.8333,11.2,49091.0,2020-01-01,,,4.8,
Sesto San Giovanni,Italy,45.5333,9.2333,81773.0,2020-01-01,,,7.12,
Sestri Levante,Italy,44.2733,9.3932,18339.0,2020-01-01,,,12.38,
Sestu,Italy,39.2994,9.0918,20958.0,2020-01-01,,9.52,,
Settimo Torinese,Italy,45.1333,7.7667,47220.0,2020-01-01,,,5.6,
Seveso,Italy,45.6474,9.1387,23456.0,2020-01-01,,,7.12,
Sezze,Italy,41.5,13.0667,24954.0,2020-01-01,,7.58,,
Siderno Marina,Italy,38.2667,16.3,18231.0,2020-01-01,,,14.33,
Siena,Italy,43.3183,11.3314,53901.0,2020-01-01,,,14.4,
Signa,Italy,43.7833,11.1,18901.0,2020-01-01,,,4.8,
Silea,Italy,45.6547,12.2967,10163.0,2020-01-01,,,9.0,
Silvi Paese,Italy,42.55,14.1167,15708.0,2020-01-01,,,,7.7
Sinalunga,Italy,43.2167,11.7333,12573.0,2020-01-01,,,14.4,
Siniscola,Italy,40.5743,9.6963,11531.0,2020-01-01,,,14.92,
Siracusa,Italy,37.0692,15.2875,121171.0,2020-01-01,,,15.7,
Solaro,Italy,45.615,9.0839,14163.0,2020-01-01,,,7.12,
Soliera,Italy,44.7381,10.9245,15296.0,2020-01-01,,,4.8,
Solofra,Italy,40.8333,14.85,12470.0,2020-01-01,,,7.56,
Somma Lombardo,Italy,45.6833,8.7,17919.0,2020-01-04,,,6.73,
Somma Vesuviana,Italy,40.8725,14.4369,34981.0,2020-01-01,,,,2.8
Sommacampagna,Italy,45.4,10.85,14802.0,2020-01-01,,1.6,,
Sona,Italy,45.4333,10.8333,17694.0,2020-01-01,,1.6,,
Sondrio,Italy,46.1697,9.87,21642.0,2020-01-01,,,5.2,
Sora,Italy,41.7167,13.6167,25972.0,2020-01-01,,,,2.8
Sorrento,Italy,40.6278,14.3736,16405.0,2020-01-01,,,,2.8
Sorso,Italy,40.7983,8.5772,14826.0,2020-01-01,,,,9.45
Sovicille,Italy,43.2833,11.2333,10057.0,2020-01-01,,,14.4,
Spilamberto,Italy,44.5333,11.0167,12767.0,2020-01-01,,,4.8,
Spilimbergo,Italy,46.1114,12.9017,12151.0,2020-01-11,,,12.6,
Spinea,Italy,45.4931,12.1606,27909.0,2020-01-01,,,9.0,
Spoleto,Italy,42.7333,12.7333,37964.0,2020-01-01,,,4.55,
Spoltore,Italy,42.455,14.1399,19378.0,2020-01-01,,,,7.7
Spresiano,Italy,45.7833,12.25,12136.0,2020-01-01,,,9.0,
Squinzano,Italy,40.4333,18.05,14031.0,2020-01-01,,,13.34,
Statte,Italy,40.5667,17.2,13808.0,2020-01-01,1.6,,,
Stezzano,Italy,45.6508,9.6528,13112.0,2020-01-04,,,7.25,
Stradella,Italy,45.0833,9.3,11637.0,2020-01-04,,,6.73,
Sulmona,Italy,42.048,13.9262,24173.0,2020-01-01,,,7.56,
Surbo,Italy,40.4,18.1333,15115.0,2020-01-01,,,13.34,
Susegana,Italy,45.85,12.25,11831.0,2020-01-01,,,9.0,
Suzzara,Italy,44.9927,10.7494,21154.0,2020-01-01,,1.6,,
Sìnnai,Italy,39.3026,9.2031,17562.0,2020-01-01,,9.52,,
Taggia,Italy,43.8439,7.8509,14003.0,2020-01-01,,,13.4,
Taglio,Italy,45.0167,12.2167,14298.0,2020-01-01,,,9.0,
Taormina,Italy,37.85,15.3,10872.0,2020-01-01,,,14.33,
Taranto,Italy,40.4181,17.2408,198283.0,2020-01-01,1.6,,,
Tarquinia,Italy,42.2492,11.7561,16269.0,2020-01-01,,,12.2,
Taurianova,Italy,38.35,16.0167,15501.0,2020-01-01,,,14.33,
Taurisano,Italy,39.95,18.1667,11770.0,2020-01-01,,,11.75,
Taviano,Italy,39.9833,18.0833,11972.0,2020-01-01,,,11.75,
Teano,Italy,41.25,14.0667,12303.0,2020-01-01,,,,2.8
Tempio Pausania,Italy,40.9015,9.1044,14052.0,2020-01-01,,,,9.45
Teramo,Italy,42.6589,13.7039,54338.0,2020-01-01,,,4.55,
Terlizzi,Italy,41.1333,16.55,27125.0,2020-01-01,1.6,,,
Termini Imerese,Italy,37.9833,13.7,26029.0,2020-01-01,,,7.6,
Termoli,Italy,42.0028,14.9947,33583.0,2020-01-01,,,,7.7
Terni,Italy,42.5667,12.65,111189.0,2020-01-01,,,4.55,
Terracina,Italy,41.2833,13.25,46323.0,2020-01-01,,10.94,,
Terralba,Italy,39.7197,8.6363,10196.0,2020-01-01,,,,8.1
Terranuova Bracciolini,Italy,43.5531,11.5894,12292.0,2020-01-01,,,14.4,
Terrasini Favarotta,Italy,38.15,13.0833,12535.0,2020-01-01,,12.62,,
Terzigno,Italy,40.8,14.5,18584.0,2020-01-01,,,,2.8
Tezze sul Brenta,Italy,45.6862,11.7042,12817.0,2020-01-01,,,9.0,
Thiene,Italy,45.7072,11.4786,24309.0,2020-01-01,,,9.0,
Tivoli,Italy,41.9667,12.8,56542.0,2020-01-01,,7.58,,
Todi,Italy,42.7833,12.4167,16606.0,2020-01-01,,,4.55,
Tolentino,Italy,43.2086,13.2841,19409.0,2020-01-01,,,8.47,
Tolmezzo,Italy,46.4,13.0167,10051.0,2020-01-11,,,12.6,
Torre Annunziata,Italy,40.7569,14.4444,42406.0,2020-01-01,,,,2.8
Torre Maggiore,Italy,41.6833,15.2833,17069.0,2020-01-01,,,,7.7
Torre Santa Susanna,Italy,40.4667,17.7333,10510.0,2020-01-01,,,13.34,
Torre del Greco,Italy,40.7853,14.3953,85332.0,2020-01-01,,,,2.8
Torri di Quartesolo,Italy,45.5167,11.6167,11684.0,2020-01-01,,,9.0,
Tortolì,Italy,39.9333,9.65,11081.0,2020-01-01,,,14.92,
Tortona,Italy,44.8942,8.8656,27299.0,2020-01-04,,,6.73,
Tortoreto,Italy,42.8,13.9167,11757.0,2020-01-01,,,4.55,
Trabia,Italy,38.0,13.65,10430.0,2020-01-01,,,7.6,
Tradate,Italy,45.7,8.9167,18861.0,2020-01-04,,,6.73,
Trani,Italy,41.2667,16.4167,56031.0,2020-01-01,,,5.96,
Trapani,Italy,38.0175,12.515,67923.0,2020-01-01,,,15.04,
Travagliato,Italy,45.524,10.0797,13930.0,2020-01-04,,,7.25,
Trebaseleghe,Italy,45.5833,12.05,12916.0,2020-01-01,,,9.0,
Trecastagni,Italy,37.6167,15.0833,11074.0,2020-01-01,,,16.35,
Trecate,Italy,45.4333,8.7333,20566.0,2020-01-04,,,6.73,
Trento,Italy,46.0667,11.1167,117997.0,2020-01-01,,,0.72,
Trentola,Italy,40.9762,14.1773,19844.0,2020-01-01,,,,2.8
Trepuzzi,Italy,40.4,18.0667,14512.0,2020-01-01,,,13.34,
Treviglio,Italy,45.5214,9.5928,29815.0,2020-01-04,,,7.25,
Trevignano,Italy,45.7335,12.094,10759.0,2020-01-01,,,9.0,
Treviso,Italy,45.6722,12.2422,84954.0,2020-01-01,,,9.0,
Trezzano sul Naviglio,Italy,45.4333,9.0667,20956.0,2020-01-04,,,6.73,
Trezzo sull’Adda,Italy,45.6,9.5167,12090.0,2020-01-01,,,7.12,
Tricase,Italy,39.9333,18.3667,17525.0,2020-01-01,,,11.75,
Trieste,Italy,45.6503,13.7703,204338.0,2020-01-01,,,12.28,
Triggiano,Italy,41.0667,16.9167,27180.0,2020-01-01,1.6,,,
Trinitapoli,Italy,41.35,16.1,14649.0,2020-01-01,,,5.96,
Trofarello,Italy,44.9833,7.7333,10901.0,2020-01-01,,,5.6,
Turin,Italy,45.0667,7.7,870952.0,2020-01-01,,,5.6,
Udine,Italy,46.0667,13.2333,99518.0,2020-01-11,,,12.6,
Ugento,Italy,39.9333,18.1667,12412.0,2020-01-01,,,11.75,
Umbertide,Italy,43.3056,12.3366,16530.0,2020-01-01,,,8.47,
Urbino,Italy,43.7252,12.6372,14558.0,2020-01-01,,,8.47,
Usmate Velate,Italy,45.65,9.35,10293.0,2020-01-01,,,7.12,
Vaiano,Italy,43.9667,11.1167,10068.0,2020-01-01,,,4.8,
Valdagno,Italy,45.65,11.3,26016.0,2020-01-01,,1.6,,
Valdobbiadene,Italy,45.9,11.9167,10349.0,2020-01-01,,,9.0,
Valeggio sul Mincio,Italy,45.35,10.7333,15424.0,2020-01-01,,1.6,,
Valenza,Italy,45.014,8.6458,18804.0,2020-01-04,,,6.73,
Valenzano,Italy,41.05,16.8833,17952.0,2020-01-01,1.6,,,
Valguarnera Caropepe,Italy,37.5,14.3833,18040.0,2020-01-01,,,7.6,
Valmadrera,Italy,45.8463,9.3582,11601.0,2020-01-01,,,7.12,
Valmontone,Italy,41.7833,12.9167,16073.0,2020-01-01,,7.58,,
Varazze,Italy,44.36,8.5766,13113.0,2020-01-01,,,13.4,
Varedo,Italy,45.6,9.1667,13446.0,2020-01-01,,,7.12,
Varese,Italy,45.8167,8.8333,80544.0,2020-01-01,,,7.12,
Vecchiano,Italy,43.7833,10.3833,12082.0,2020-01-01,,,12.38,
Vedelago,Italy,45.6833,12.0167,16781.0,2020-01-01,,,9.0,
Veglie,Italy,40.3333,17.9667,13947.0,2020-01-01,,,13.34,
Velletri,Italy,41.6667,12.7833,53188.0,2020-01-01,,7.58,,
Venafro,Italy,41.4833,14.05,11209.0,2020-01-01,,,,2.8
Venaria Reale,Italy,45.1167,7.6333,33564.0,2020-01-01,,,5.6,
Venice,Italy,45.4397,12.3319,261321.0,2020-01-01,,,9.0,
Venosa,Italy,40.9667,15.8167,11732.0,2020-01-01,,,5.96,
Ventimiglia,Italy,43.7903,7.6083,24065.0,2020-01-01,,,14.87,
Verbania,Italy,45.9228,8.5519,30709.0,2020-01-04,,,6.73,
Vercelli,Italy,45.3167,8.4167,46181.0,2020-01-04,,,6.73,
Veroli,Italy,41.6833,13.4167,20414.0,2020-01-01,,7.58,,
Verona,Italy,45.4386,10.9928,257275.0,2020-01-01,,1.6,,
Verucchio,Italy,43.9833,12.4215,10012.0,2020-01-01,,,10.32,
Vetralla,Italy,42.3106,12.0792,14020.0,2020-01-01,,,12.2,
Viadana,Italy,44.9267,10.52,20044.0,2020-01-04,,,7.25,
Viareggio,Italy,43.8672,10.2506,62079.0,2020-01-01,,,12.38,
Vibo Valentia,Italy,38.6753,16.0959,33642.0,2020-01-01,,,14.33,
Vicenza,Italy,45.55,11.55,111620.0,2020-01-01,,,9.0,
Vico Equense,Italy,40.6667,14.4333,20919.0,2020-01-01,,,,2.8
Vieste,Italy,41.8833,16.1667,13943.0,2020-01-01,,,5.96,
Vigasio,Italy,45.3167,10.9333,10134.0,2020-01-01,,1.6,,
Vigevano,Italy,45.3167,8.8667,63153.0,2020-01-04,,,6.73,
Vignola,Italy,44.4808,11.0022,25313.0,2020-01-01,,,4.8,
Vigodarzere,Italy,45.45,11.8833,13017.0,2020-01-01,,,9.0,
Vigonza,Italy,45.45,11.9833,22958.0,2020-01-01,,,9.0,
Villa Literno,Italy,41.0096,14.0741,12184.0,2020-01-01,,,,2.8
Villa San Giovanni,Italy,38.2167,15.6333,13667.0,2020-01-01,,,14.33,
Villabate,Italy,38.0833,13.45,20051.0,2020-01-01,,12.62,,
Villacidro,Italy,39.4578,8.7424,14019.0,2020-01-01,,,,8.1
Villafranca di Verona,Italy,45.35,10.85,33232.0,2020-01-01,,1.6,,
Villaricca,Italy,40.9167,14.2,31223.0,2020-01-01,,,,2.8
Villasanta,Italy,45.6053,9.3033,13972.0,2020-01-01,,,7.12,
Villorba,Italy,45.7333,12.2333,17879.0,2020-01-01,,,9.0,
Vimercate,Italy,45.6167,9.3667,26170.0,2020-01-01,,,7.12,
Vimodrone,Italy,45.5139,9.2844,17016.0,2020-01-01,,,7.12,
Vinci,Italy,43.7833,10.9167,14650.0,2020-01-01,,,4.8,
Viterbo,Italy,42.4186,12.1042,67798.0,2020-01-01,,,12.2,
Vittoria,Italy,36.95,14.5333,64212.0,2020-01-01,,,16.35,
Vittorio Veneto,Italy,45.9833,12.3,28389.0,2020-01-01,,,9.0,
Voghera,Italy,44.9925,9.0092,39354.0,2020-01-04,,,6.73,
Volpago del Montello,Italy,45.7833,12.1167,10199.0,2020-01-01,,,9.0,
Volpiano,Italy,45.2,7.7833,15453.0,2020-01-01,,,5.6,
Volterra,Italy,43.4,10.8667,10290.0,2020-01-01,,,12.38,
Zagarolo,Italy,41.8333,12.8333,17933.0,2020-01-01,,7.58,,
Zero Branco,Italy,45.6,12.1667,11329.0,2020-01-01,,,9.0,
Zevio,Italy,45.3728,11.1303,15048.0,2020-01-01,,1.6,,
Zola Predosa,Italy,44.4883,11.2181,18939.0,2020-01-01,,,4.8,
